elevation,mindate,maxdate,latitude,name,datacoverage,id,elevationUnit,longitude
2141.8,2011-03-01,2022-04-13,36.3047,"TSAILE 0.5 WNW, AZ US",0.2799,GHCND:US1AZAP0003,METERS,-109.2233
2432.3,2016-04-01,2022-04-27,33.941751,"NUTRIOSO 1.9 WSW, AZ US",0.9863,GHCND:US1AZAP0007,METERS,-109.241205
1727.3,2016-04-16,2022-03-29,34.557529,"SNOWFLAKE 15.3 ENE, AZ US",0.0874,GHCND:US1AZAP0009,METERS,-109.807271
1956.8,2016-03-28,2022-01-26,34.434071,"ST. JOHNS 7.3 SE, AZ US",0.3444,GHCND:US1AZAP0013,METERS,-109.261739
2146.7,2016-04-09,2022-01-23,34.13001,"SPRINGERVILLE 1.6 W, AZ US",0.3157,GHCND:US1AZAP0014,METERS,-109.307738
2408.2,2019-04-17,2022-04-26,33.9471,"NUTRIOSO 2.1 W, AZ US",0.5244,GHCND:US1AZAP0022,METERS,-109.2448
1809.3,2019-08-16,2022-04-27,34.407758,"ST JOHNS 3.5 SSW, AZ US",1.0,GHCND:US1AZAP0028,METERS,-109.403158
2453.6,1904-01-01,2022-04-27,33.8492,"ALPINE, AZ US",0.862,GHCND:USC00020159,METERS,-109.1469
1709.9,1970-12-01,2022-03-31,36.1533,"CANYON DE CHELLY, AZ US",0.9845,GHCND:USC00021248,METERS,-109.5394
2237.2,1920-07-01,2022-03-31,34.11336,"MCNARY 2 N, AZ US",0.8567,GHCND:USC00025412,METERS,-109.86002
1755.6,1973-09-01,2022-03-31,35.06754,"PAINTED DESERT NATIONAL PARK, AZ US",0.9417,GHCND:USC00026190,METERS,-109.77994
1764.8,1901-08-26,2022-04-27,34.5172,"SAINT JOHNS, AZ US",0.9128,GHCND:USC00027435,METERS,-109.4028
1784.0,1949-07-01,2022-03-31,35.2239,"SANDERS, AZ US",0.7988,GHCND:USC00027488,METERS,-109.3222
2133.0,1911-04-01,2022-04-24,34.1311,"SPRINGERVILLE, AZ US",0.9819,GHCND:USC00028162,METERS,-109.275
2856.0,1971-11-01,2022-03-24,33.9733,"SUNRISE MOUNTAIN, AZ US",0.5134,GHCND:USC00028326,METERS,-109.563
1612.4,1962-06-01,2022-04-26,36.9233,"TEEC NOS POS, AZ US",0.9393,GHCND:USC00028468,METERS,-109.09
2447.8,2000-02-17,2022-04-27,33.8417,"ALPINE ARIZONA, AZ US",1.0,GHCND:USR0000AALP,METERS,-109.1222
1671.2,2001-11-28,2022-04-27,33.7011,"MOUNTAIN LION ARIZONA, AZ US",0.9708,GHCND:USR0000AFAP,METERS,-109.7058
2499.4,1992-12-08,2022-04-27,34.06,"GREER ARIZONA, AZ US",0.9917,GHCND:USR0000AGRE,METERS,-109.45
2804.2,2009-09-30,2022-04-27,36.33,"BEAVER SPRING, AZ US",1.0,GHCND:USS0009N05S,METERS,-109.06
2781.3,1978-09-30,2022-04-27,33.98,"BALDY, AZ US",1.0,GHCND:USS0009S01S,METERS,-109.5
2804.2,1978-09-30,2022-04-27,33.92,"MAVERICK FORK, AZ US",1.0,GHCND:USS0009S02S,METERS,-109.46
2590.8,2008-06-26,2022-04-27,33.9,"NUTRIOSO, AZ US",0.9998,GHCND:USS0009S04S,METERS,-109.16
2560.3,1978-12-30,2022-04-27,33.8,"CORONADO TRAIL, AZ US",1.0,GHCND:USS0009S07S,METERS,-109.15
2392.7,1984-07-16,2022-04-27,33.76,"WILDCAT, AZ US",0.998,GHCND:USS0009S18S,METERS,-109.48
2055.2,1998-08-14,2022-04-27,35.65708,"WINDOW ROCK AIRPORT, AZ US",0.9841,GHCND:USW00003029,METERS,-109.06028
1745.6,1999-05-25,2022-04-27,34.51838,"ST JOHNS INDUSTRIAL AIR PARK, AZ US",1.0,GHCND:USW00093027,METERS,-109.38006
1813.9,1995-05-09,2022-04-29,35.149722,"ALBUQUERQUE, NM US",0.95,NEXRAD:KABX,METERS,-106.823889
1621.2,1995-10-03,2022-04-29,31.89365,"TUCSON, AZ US",0.95,NEXRAD:KEMX,METERS,-110.63025
2290.4,1996-01-07,2022-04-29,34.574333,"FLAGSTAFF, AZ US",0.95,NEXRAD:KFSX,METERS,-111.198444
434.7,1993-06-30,2022-04-29,33.289233,"PHOENIX, AZ US",0.95,NEXRAD:KIWA,METERS,-111.669917
331.9,2009-03-18,2022-04-29,33.421111,"PHOENIX, AZ US",0.95,NEXRAD:TPHX,METERS,-112.16305
2055.2,2005-01-01,2022-04-17,35.65708,"WINDOW ROCK AIRPORT, AZ US",1.0,WBAN:03029,METERS,-109.06028
1745.6,2005-01-01,2022-04-17,34.51838,"ST JOHNS INDUSTRIAL AIR PARK, AZ US",1.0,WBAN:93027,METERS,-109.38006
1314.0,2009-08-22,2022-03-30,31.4526618,"HEREFORD 2.8 NW, AZ US",0.3866,GHCND:US1AZCH0002,METERS,-110.1434715
1407.0,2009-08-31,2022-04-27,31.56396,"SIERRA VISTA 0.4 ESE, AZ US",0.9804,GHCND:US1AZCH0003,METERS,-110.316334
1114.3,2009-08-22,2022-03-30,32.227918,"SAN SIMON 2.6 S, AZ US",0.3721,GHCND:US1AZCH0005,METERS,-109.227603
1386.5,2009-10-21,2022-04-25,31.502346,"SIERRA VISTA 4.8 SE, AZ US",0.8403,GHCND:US1AZCH0008,METERS,-110.239556
1411.5,2009-11-06,2022-03-21,31.493988,"SIERRA VISTA 4.9 SE, AZ US",0.5435,GHCND:US1AZCH0015,METERS,-110.250209
1391.7,2009-12-06,2022-04-27,31.5489898005297,"SIERRA VISTA 1.3 E, AZ US",1.0,GHCND:US1AZCH0017,METERS,-110.277607440948
1337.8,1998-07-20,2022-03-29,31.441853,"HEREFORD 4.0 W, AZ US",0.0731,GHCND:US1AZCH0019,METERS,-110.165423
1373.7,2010-01-20,2022-04-04,31.686728,"WHETSTONE 2.6 SW, AZ US",0.9071,GHCND:US1AZCH0022,METERS,-110.380604
1390.2,2010-01-19,2022-04-27,31.466052,"SIERRA VISTA 7.2 SE, AZ US",0.9228,GHCND:US1AZCH0027,METERS,-110.226688
1474.6,2009-12-31,2022-04-27,31.42333333,"HEREFORD 8.4 W, AZ US",0.7105,GHCND:US1AZCH0031,METERS,-110.2385833
1318.6,2011-04-05,2022-04-27,31.676897,"HUACHUCA CITY 3.4 N, AZ US",0.8478,GHCND:US1AZCH0039,METERS,-110.332276
1246.0,2013-06-30,2022-03-30,31.3411293029785,"DOUGLAS 1.0 E, AZ US",0.9358,GHCND:US1AZCH0050,METERS,-109.52262878418
1528.6,2013-01-23,2022-01-23,31.4593849182129,"HEREFORD 11.1 WNW, AZ US",0.2311,GHCND:US1AZCH0051,METERS,-110.283592224121
1410.0,2014-04-19,2022-04-27,31.5299939364195,"SIERRA VISTA 1.8 SE, AZ US",0.9458,GHCND:US1AZCH0057,METERS,-110.280384197831
1255.2,2015-08-22,2022-04-26,31.9550647735596,"BENSON 3.4 W, AZ US",0.959,GHCND:US1AZCH0064,METERS,-110.348320007324
1304.5,2016-10-17,2022-04-27,31.437007,"HEREFORD 1.9 WSW, AZ US",1.0,GHCND:US1AZCH0066,METERS,-110.129613
1414.0,2018-06-14,2022-04-25,31.493657,"SIERRA VISTA 4.8 SE, AZ US",0.3378,GHCND:US1AZCH0071,METERS,-110.25197
1301.5,2018-08-10,2022-04-27,31.80126,"PORTAL 8.2 SSE, AZ US",0.9197,GHCND:US1AZCH0072,METERS,-109.09806
1113.7,2018-09-16,2022-04-27,31.89863333,"ST. DAVID 0.6 SW, AZ US",0.8811,GHCND:US1AZCH0073,METERS,-110.2227167
1509.1,2019-05-07,2022-03-30,31.411521,"BISBEE 3.1 SE, AZ US",0.1105,GHCND:US1AZCH0075,METERS,-109.879857
1215.8,2020-01-23,2022-04-27,31.34465,"DOUGLAS 0.8 WNW, AZ US",1.0,GHCND:US1AZCH0076,METERS,-109.551799
1427.1,2020-04-01,2022-04-26,31.509155,"SIERRA VISTA 3.2 SSE, AZ US",1.0,GHCND:US1AZCH0077,METERS,-110.273046
1412.1,2020-06-22,2022-04-27,31.509858,"SIERRA VISTA 3.5 SE, AZ US",1.0,GHCND:US1AZCH0079,METERS,-110.262459
1393.9,2020-07-01,2022-03-31,31.832965,"BENSON 9.4 SSW MAINTENANCE, AZ US",1.0,GHCND:US1AZCH0080,METERS,-110.345199
1409.4,2020-07-01,2022-03-31,31.836202,"BENSON 9.2 SSW HUMMINGBIRD GARDEN, AZ US",1.0,GHCND:US1AZCH0081,METERS,-110.348999
1450.5,2020-07-23,2022-01-19,31.430207,"HEREFORD 8.1 W, AZ US",0.9908,GHCND:US1AZCH0082,METERS,-110.231724
1124.7,1990-05-01,2022-04-22,31.8805,"BENSON 6 SE, AZ US",0.9237,GHCND:USC00020683,METERS,-110.2403
1694.7,1985-03-01,2022-01-31,31.4475,"BISBEE 1 WNW, AZ US",0.7764,GHCND:USC00020775,METERS,-109.9288
973.5,1969-04-01,2022-03-31,32.26174,"CASCABEL, AZ US",0.962,GHCND:USC00021330,METERS,-110.34803
1615.4,1909-01-01,2022-04-26,32.0061,"CHIRICAHUA NATIONAL MONUMENT, AZ US",0.7134,GHCND:USC00021664,METERS,-109.3572
1597.8,1960-02-25,2022-04-27,31.3455,"CORONADO NATIONAL MEMORIAL, AZ US",0.9745,GHCND:USC00022140,METERS,-110.2541
1231.4,1948-07-01,2022-01-02,31.345,"DOUGLAS, AZ US",0.6435,GHCND:USC00022659,METERS,-109.5394
1429.5,2009-11-01,2022-04-27,31.8352,"KARTCHNER CAVERNS, AZ US",1.0,GHCND:USC00024534,METERS,-110.3552
1271.0,1960-03-17,2022-04-27,31.6016,"MC NEAL, AZ US",0.9666,GHCND:USC00025418,METERS,-109.6686
1664.2,1906-01-01,2022-04-26,31.9352,"PARADISE, AZ US",0.3755,GHCND:USC00026242,METERS,-109.2187
1325.9,1913-09-01,2022-03-10,31.9355,"PEARCE SUNSITES, AZ US",0.6171,GHCND:USC00026353,METERS,-109.8377
1091.2,1898-03-01,2022-04-27,32.29329,"SAN SIMON, AZ US",0.6877,GHCND:USC00027560,METERS,-109.22691
1403.9,1982-03-01,2022-04-27,31.53699,"SIERRA VISTA, AZ US",0.9155,GHCND:USC00027880,METERS,-110.28073
1420.1,1893-07-01,2022-04-23,31.7119,"TOMBSTONE, AZ US",0.9331,GHCND:USC00028619,METERS,-110.0686
1271.0,1898-06-01,2022-04-27,32.2553,"WILLCOX, AZ US",0.9555,GHCND:USC00029334,METERS,-109.8369
1645.9,1999-06-01,2022-04-27,31.445,"CARR ARIZONA, AZ US",0.9925,GHCND:USR0000ACAA,METERS,-110.28
1645.9,1995-01-26,2022-04-27,32.0,"CHIRICAHUA ARIZONA, AZ US",0.9881,GHCND:USR0000ACHR,METERS,-109.35
1272.5,1988-04-05,2022-04-27,32.4,"MULESHOE RANCH ARIZONA, AZ US",0.9975,GHCND:USR0000AMUL,METERS,-110.2708
1737.4,2000-05-01,2022-04-27,31.7611,"RUCKER ARIZONA, AZ US",0.9356,GHCND:USR0000ARUC,METERS,-109.3486
1445.4,2008-08-01,2022-04-27,31.60563,"FORT HUACHUCA PIONEER AIRFIELD, AZ US",0.9052,GHCND:USW00053146,METERS,-110.42809
1285.6,1996-05-15,2022-04-29,31.873056,"EL PASO, NM US",0.95,NEXRAD:KEPZ,METERS,-106.698
1438.4,1954-10-11,2022-04-17,31.58833,"FORT HUACHUCA SIERRA VISTA MUNICIPAL AIRPORT, AZ US",0.86,WBAN:03124,METERS,-110.34417
1445.4,2008-08-07,2022-04-17,31.60563,"FORT HUACHUCA PIONEER AIRFIELD, AZ US",0.99,WBAN:53146,METERS,-110.42809
2080.6,2009-09-25,2022-04-27,35.2431992,"WILLIAMS 0.4 SW, AZ US",0.8841,GHCND:US1AZCN0003,METERS,-112.1950529
2124.5,2009-09-26,2022-04-26,35.21907,"FLAGSTAFF 3.4 NE, AZ US",0.9262,GHCND:US1AZCN0014,METERS,-111.60132
2097.0,2009-02-13,2022-04-27,35.192634,"FLAGSTAFF 3.5 E, AZ US",0.7854,GHCND:US1AZCN0019,METERS,-111.587406
2209.8,2009-10-07,2022-04-27,35.19341,"WILLIAMS 3.3 SSE, AZ US",0.983,GHCND:US1AZCN0020,METERS,-112.1765
2018.7,2011-07-01,2022-03-29,35.2617265904773,"FLAGSTAFF 8.2 NE, AZ US",0.8856,GHCND:US1AZCN0027,METERS,-111.5343296527
2146.7,2015-08-14,2022-04-25,35.17041,"FLAGSTAFF 2.2 SW, AZ US",0.9816,GHCND:US1AZCN0033,METERS,-111.681546
2040.9,2016-04-06,2022-04-27,35.265,"FLAGSTAFF 7.9 NE, AZ US",0.6728,GHCND:US1AZCN0042,METERS,-111.543611
2073.9,2016-04-11,2022-04-27,35.311344,"FLAGSTAFF 10.0 NNE, AZ US",0.6449,GHCND:US1AZCN0044,METERS,-111.552365
2098.9,2016-04-01,2022-04-26,35.224012,"FLAGSTAFF 4.1 NE, AZ US",0.9412,GHCND:US1AZCN0046,METERS,-111.591558
2029.7,2016-04-11,2022-04-23,35.247257,"FLAGSTAFF 8.0 ENE, AZ US",0.1484,GHCND:US1AZCN0060,METERS,-111.527511
2119.0,2016-05-17,2022-04-27,35.163248,"FLAGSTAFF 2.1 SSW, AZ US",0.8343,GHCND:US1AZCN0061,METERS,-111.666654
1330.8,2015-05-14,2022-04-27,36.912539,"PAGE 0.2 N, AZ US",0.986,GHCND:US1AZCN0069,METERS,-111.450108
1943.1,2016-04-09,2022-04-26,35.2242012023926,"FLAGSTAFF 11.4 ENE, AZ US",0.2282,GHCND:US1AZCN0070,METERS,-111.453330993652
2152.2,2016-01-18,2022-04-26,35.17385,"FLAGSTAFF 2.1 WSW, AZ US",0.8276,GHCND:US1AZCN0075,METERS,-111.680452
2002.2,2016-06-01,2022-04-22,35.2646217346191,"FLAGSTAFF 10.5 ENE, AZ US",0.211,GHCND:US1AZCN0077,METERS,-111.488357543945
2269.8,2011-12-31,2022-04-23,35.2402305603027,"FLAGSTAFF 4.8 NW, AZ US",0.4474,GHCND:US1AZCN0079,METERS,-111.707794189453
2115.0,1998-07-19,2022-04-22,35.1835632324219,"FLAGSTAFF 4.0 E, AZ US",0.7972,GHCND:US1AZCN0088,METERS,-111.579139709473
2041.9,1998-06-17,2022-04-26,35.268021,"FLAGSTAFF 8.2 NE, AZ US",0.2055,GHCND:US1AZCN0092,METERS,-111.541389
2070.5,2016-06-10,2022-03-21,35.20686,"PARKS 4.5 SW, AZ US",0.0962,GHCND:US1AZCN0095,METERS,-111.9938
2115.0,2016-06-01,2022-04-26,35.162781,"FLAGSTAFF 2.7 SW, AZ US",1.0,GHCND:US1AZCN0113,METERS,-111.68373
2140.3,2013-08-03,2022-04-27,35.202808380127,"FLAGSTAFF 1.3 NE, AZ US",0.7852,GHCND:US1AZCN0122,METERS,-111.633628845215
2088.5,2016-06-01,2022-03-30,35.3090705871582,"FLAGSTAFF 9.8 NNE, AZ US",0.9587,GHCND:US1AZCN0140,METERS,-111.554145812988
2133.0,2016-05-17,2022-04-27,35.1848,"FLAGSTAFF 1.5 WSW, AZ US",0.8701,GHCND:US1AZCN0143,METERS,-111.6763
2149.4,2017-01-31,2022-03-01,35.223431,"FLAGSTAFF 3.0 NE, AZ US",0.2899,GHCND:US1AZCN0147,METERS,-111.617301
1309.1,2017-08-01,2022-04-14,34.8551,"SEDONA 0.4 SSW, AZ US",0.6781,GHCND:US1AZCN0148,METERS,-111.7631
2076.9,2018-01-10,2022-03-29,35.202911,"FLAGSTAFF 3.2 ENE, AZ US",0.1234,GHCND:US1AZCN0149,METERS,-111.5957
2485.0,2019-05-17,2022-04-12,35.38352,"FLAGSTAFF 14.1 NNW, AZ US",0.9821,GHCND:US1AZCN0153,METERS,-111.7297
1967.5,2018-09-24,2022-04-27,35.217705,"FLAGSTAFF 10.5 E, AZ US",1.0,GHCND:US1AZCN0154,METERS,-111.467064
2152.8,2018-10-16,2022-04-16,35.173101,"FLAGSTAFF 2.0 SW, AZ US",0.9148,GHCND:US1AZCN0156,METERS,-111.679337
1855.9,2020-07-27,2022-04-26,35.607779,"WILLIAMS 26.0 NNE, AZ US",0.9011,GHCND:US1AZCN0164,METERS,-112.094977
2179.9,1999-11-01,2022-04-27,35.2302,"BELLEMONT WEATHER FORECAST OFFICE, AZ US",1.0,GHCND:USC00020678,METERS,-111.8221
2097.0,1967-07-01,2022-04-27,34.6108,"BLUE RIDGE RANGER STATION, AZ US",0.9619,GHCND:USC00020871,METERS,-111.1922
2438.4,1925-05-01,2022-04-23,36.2147,"BRIGHT ANGEL RANGER STATION, AZ US",0.8579,GHCND:USC00021001,METERS,-112.0619
2171.7,1984-05-01,2022-03-31,35.1611,"FLAGSTAFF 4 SW, AZ US",0.9691,GHCND:USC00023009,METERS,-111.7311
2158.9,2011-01-01,2022-04-16,36.05931,"GRAND CANYON VISITOR CENTER, AZ US",0.9993,GHCND:USC00023582,METERS,-112.10943
2279.9,2011-01-01,2022-04-27,36.0353,"GRAND CANYON EAST ENTRANCE, AZ US",0.9825,GHCND:USC00023584,METERS,-111.8304
1687.1,1962-05-01,2022-03-31,35.0364,"METEOR CRATER, AZ US",0.246,GHCND:USC00025494,METERS,-111.0231
771.1,1966-08-01,2022-04-27,36.1066,"PHANTOM RANCH, AZ US",0.9207,GHCND:USC00026471,METERS,-112.0947
2127.5,1969-12-01,2022-04-19,35.3694,"SUNSET CRATER NM, AZ US",0.9873,GHCND:USC00028329,METERS,-111.5436
2040.6,1910-10-01,2022-04-27,35.1721,"WALNUT CANYON N.M., AZ US",0.6284,GHCND:USC00029156,METERS,-111.5097
2105.9,1897-03-26,2022-04-27,35.2413,"WILLIAMS, AZ US",0.931,GHCND:USC00029359,METERS,-112.1929
1496.0,1940-01-01,2022-04-19,35.5247,"WUPATKI NM, AZ US",0.9621,GHCND:USC00029542,METERS,-111.3702
1950.7,1994-09-26,2022-04-27,36.9306,"BUCKSKIN MOUNTAIN ARIZONA, AZ US",0.9957,GHCND:USR0000ABUC,METERS,-112.1997
2479.2,1995-06-19,2022-04-27,36.2047,"BRIGHT ANGEL ARIZONA, AZ US",0.839,GHCND:USR0000ACAN,METERS,-112.0622
2653.6,1996-05-10,2022-04-27,36.45,"DRY PARK ARIZONA, AZ US",0.9235,GHCND:USR0000ADRY,METERS,-112.24
2133.6,1986-01-17,2022-04-27,35.145,"FLAGSTAFF ARIZONA, AZ US",0.8272,GHCND:USR0000AFLG,METERS,-111.675
1999.5,1994-09-26,2022-04-27,36.7939,"FOUR SPRINGS ARIZONA, AZ US",1.0,GHCND:USR0000AFOU,METERS,-112.0422
2063.5,1999-11-16,2022-04-27,35.8456,"FRAZIER WELLS ARIZONA, AZ US",0.9844,GHCND:USR0000AFRA,METERS,-113.055
1609.3,1994-09-26,2022-04-14,36.7044,"GUNSIGHT ARIZONA, AZ US",1.0,GHCND:USR0000AGUN,METERS,-112.5833
2682.2,1992-07-01,2022-04-27,36.2858,"LINDBERGH HILL ARIZONA, AZ US",0.8125,GHCND:USR0000ALBE,METERS,-112.0794
2255.5,1996-10-07,2022-04-27,34.9067,"MORMON LAKE ARIZONA, AZ US",0.9939,GHCND:USR0000AMOL,METERS,-111.445
1500.8,1992-12-21,2022-04-27,34.9417,"OAK CREEK ARIZONA, AZ US",0.9251,GHCND:USR0000AOAK,METERS,-111.7517
2205.2,1994-09-26,2022-04-27,36.7278,"PARIA POINT ARIZONA, AZ US",1.0,GHCND:USR0000APAR,METERS,-111.8219
2377.4,1992-12-08,2022-04-27,34.3694,"PROMONTORY ARIZONA, AZ US",0.9322,GHCND:USR0000APRO,METERS,-111.025
2042.2,1986-01-17,2022-04-27,35.99,"TUSAYAN ARIZONA, AZ US",0.9807,GHCND:USR0000ATUS,METERS,-112.12
2441.4,1986-05-12,2022-04-27,36.7,"WARM SPRINGS CANYON ARIZONA, AZ US",0.7271,GHCND:USR0000AWAR,METERS,-112.23
2240.3,2008-06-26,2022-04-26,35.27,"FORT VALLEY, AZ US",0.9935,GHCND:USS0011P02S,METERS,-111.74
2965.7,1997-09-14,2022-04-27,35.34,"SNOWSLIDE CANYON, AZ US",0.998,GHCND:USS0011P08S,METERS,-111.65
2194.6,1978-10-02,2022-04-27,35.07,"FRY, AZ US",1.0,GHCND:USS0011P13S,METERS,-111.84
2286.0,1978-09-30,2022-04-27,34.94,"MORMON MOUNTAIN, AZ US",1.0,GHCND:USS0011R03S,METERS,-111.52
2325.6,1999-06-14,2022-04-27,34.75,"HAPPY JACK, AZ US",0.9863,GHCND:USS0011R05S,METERS,-111.41
2225.0,1978-09-30,2022-04-27,34.46,"BAKER BUTTE, AZ US",1.0,GHCND:USS0011R06S,METERS,-111.41
2417.1,1980-05-27,2022-04-27,34.37,"PROMONTORY, AZ US",0.944,GHCND:USS0011R10S,METERS,-111.01
2590.8,2008-06-26,2022-04-27,34.97,"MORMON MOUNTAIN SUMMIT, AZ US",0.9826,GHCND:USS0011R12S,METERS,-111.51
1948.6,2012-09-01,2022-04-27,34.86,"BAR M, AZ US",1.0,GHCND:USS0011R13S,METERS,-111.61
2164.1,2009-05-17,2022-04-27,35.26,"CHALENDER, AZ US",1.0,GHCND:USS0012P01S,METERS,-112.06
2188.5,1978-10-01,2022-04-27,35.14,"WHITE HORSE LAKE, AZ US",0.998,GHCND:USS0012P02S,METERS,-112.15
2133.3,1893-01-01,2022-04-27,35.14427,"FLAGSTAFF AIRPORT, AZ US",0.7462,GHCND:USW00003103,METERS,-111.66637
1307.0,1997-06-01,2022-04-27,36.92112,"PAGE MUNICIPAL AIRPORT, AZ US",0.9967,GHCND:USW00003162,METERS,-111.44874
1993.3,1996-07-01,2022-04-27,35.94581,"GRAND CANYON NATIONAL PARK AIRPORT, AZ US",0.9891,GHCND:USW00003195,METERS,-112.15536
1825.8,2008-06-26,2022-04-27,35.7552,"WILLIAMS 35 NNW, AZ US",1.0,GHCND:USW00053155,METERS,-112.3374
1508.2,1995-06-14,2022-04-29,35.70135,"LAS VEGAS, NV US",0.95,NEXRAD:KESX,METERS,-114.89165
3278.7,1996-09-16,2022-04-29,37.59105,"CEDAR CITY, UT US",0.95,NEXRAD:KICX,METERS,-112.862183
627.0,2009-05-13,2022-04-29,36.143889,"LAS VEGAS, NV US",0.95,NEXRAD:TLAS,METERS,-115.00694
2035.1,2009-05-08,2022-04-17,35.3,"H A CLARK MEMORIAL FIELD AIRPORT, AZ US",1.0,WBAN:00221,METERS,-112.2
2133.3,1948-01-01,2022-04-17,35.14427,"FLAGSTAFF AIRPORT, AZ US",0.99,WBAN:03103,METERS,-111.66637
1307.0,2005-01-01,2022-04-17,36.92112,"PAGE MUNICIPAL AIRPORT, AZ US",1.0,WBAN:03162,METERS,-111.44874
1993.3,2005-01-01,2022-04-17,35.94581,"GRAND CANYON NATIONAL PARK AIRPORT, AZ US",1.0,WBAN:03195,METERS,-112.15536
1825.8,2008-06-26,2022-04-17,35.7552,"WILLIAMS 35 NNW, AZ US",1.0,WBAN:53155,METERS,-112.3374
1488.6,2009-10-01,2022-04-27,34.318061,"PAYSON 6.3 NNE, AZ US",0.8005,GHCND:US1AZGL0004,METERS,-111.292201
1503.9,2014-06-06,2022-04-27,34.2452846467495,"PAYSON 2.0 WNW, AZ US",0.7813,GHCND:US1AZGL0008,METERS,-111.350595653057
1617.9,2018-06-16,2022-03-30,34.0964,"YOUNG 1.4 WSW, AZ US",0.1857,GHCND:US1AZGL0011,METERS,-110.9873
1539.5,2018-10-18,2022-04-27,34.25119,"PAYSON 1.5 N, AZ US",0.9763,GHCND:US1AZGL0012,METERS,-111.31687
1510.6,2020-01-21,2022-04-25,34.247513,"PAYSON 1.6 NW, AZ US",0.6622,GHCND:US1AZGL0015,METERS,-111.338239
1055.2,2020-03-19,2022-04-27,33.391814,"MIAMI 1.1 W, AZ US",1.0,GHCND:US1AZGL0016,METERS,-110.878844
1536.8,2020-06-07,2022-01-03,34.224977,"PAYSON 0.6 SE, AZ US",0.5295,GHCND:US1AZGL0017,METERS,-111.310985
883.9,1895-04-01,2022-03-31,34.1111,"GISELA, AZ US",0.801,GHCND:USC00023448,METERS,-111.2758
1115.6,2009-01-01,2022-04-27,33.39025,"GLOBE NUMBER 3, AZ US",0.9994,GHCND:USC00023501,METERS,-110.78933
1404.5,1893-01-01,2022-04-27,34.322,"NATURAL BRIDGE, AZ US",0.7264,GHCND:USC00025825,METERS,-111.4532
1579.8,1964-09-01,2022-02-28,34.1003,"PLEASANT VALLEY, AZ US",0.9505,GHCND:USC00026653,METERS,-110.9659
794.0,1905-07-01,2022-04-03,33.649,"ROOSEVELT 1 S, AZ US",0.9672,GHCND:USC00027281,METERS,-111.1088
771.8,1900-10-20,2022-02-28,33.1819,"SAN CARLOS RESERVOIR, AZ US",0.8388,GHCND:USC00027480,METERS,-110.5261
1112.5,1990-03-13,2022-04-27,33.3503,"GLOBE ARIZONA, AZ US",0.7848,GHCND:USR0000AGLO,METERS,-110.6519
1743.5,2000-11-16,2022-04-27,33.6183,"HILLTOP ARIZONA, AZ US",0.9937,GHCND:USR0000AHIL,METERS,-110.42
1516.4,1992-05-27,2022-04-27,34.2431,"PAYSON ARIZONA, AZ US",0.9887,GHCND:USR0000APAY,METERS,-111.3028
1539.2,1997-04-18,2022-04-27,34.0933,"PLEASANT VALLEY ARIZONA, AZ US",0.9927,GHCND:USR0000APLE,METERS,-110.9333
846.4,2002-01-15,2022-04-27,33.3717,"SAN CARLOS NUMBER 1 ARIZONA, AZ US",0.949,GHCND:USR0000ASCA,METERS,-110.4569
2103.1,1978-10-11,2022-04-26,33.81,"WORKMAN CREEK, AZ US",1.0,GHCND:USS0010S01S,METERS,-110.92
1478.3,1940-11-01,2022-04-27,34.2326,"PAYSON, AZ US",0.887,GHCND:USW00093139,METERS,-111.3446
1572.2,2010-01-15,2022-04-17,34.257,"PAYSON AIRPORT, AZ US",1.0,WBAN:00374,METERS,-111.339
869.0,2010-01-19,2022-04-23,32.8857183,"PIMA 0.7 ESE, AZ US",0.9835,GHCND:US1AZGH0002,METERS,-109.810003
1015.6,2018-07-09,2022-04-27,32.68751,"SAFFORD 9.9 S, AZ US",1.0,GHCND:US1AZGH0004,METERS,-109.71042
1848.6,1948-07-01,2022-02-28,33.4783,"BLACK RIVER PUMPS, AZ US",0.9576,GHCND:USC00020808,METERS,-109.7516
864.1,1966-06-01,2022-02-23,33.0094,"FORT THOMAS 2 SW, AZ US",0.9373,GHCND:USC00023150,METERS,-109.9855
900.4,1948-08-01,2022-03-31,32.815,"SAFFORD AGRICULTURAL CENTER, AZ US",0.9898,GHCND:USC00027390,METERS,-109.6808
1005.8,1988-12-05,2022-04-27,33.0867,"BLACK HILLS ARIZONA, AZ US",0.9898,GHCND:USR0000ABLA,METERS,-109.9506
2902.0,1991-12-16,2022-04-27,32.7039,"COLUMBINE ARIZONA, AZ US",0.9552,GHCND:USR0000ACOL,METERS,-109.9139
2264.1,1997-10-01,2022-04-27,33.3597,"DRY LAKE ARIZONA, AZ US",0.9695,GHCND:USR0000ADRL,METERS,-109.8331
1501.1,2001-07-20,2022-04-27,32.6678,"NOON CREEK ARIZONA, AZ US",0.9914,GHCND:USR0000ANOO,METERS,-109.7881
967.8,1998-01-01,2022-04-27,32.85654,"SAFFORD MUNICIPAL AIRPORT, AZ US",1.0,GHCND:USW00093084,METERS,-109.63603
967.8,2005-01-01,2022-04-17,32.85654,"SAFFORD MUNICIPAL AIRPORT, AZ US",1.0,WBAN:93084,METERS,-109.63603
1115.6,1901-05-21,2022-03-31,32.748,"DUNCAN, AZ US",0.7079,GHCND:USC00022754,METERS,-109.1213
1097.3,1985-07-01,2022-04-27,32.8819,"GUTHRIE ARIZONA, AZ US",0.9976,GHCND:USR0000AGUT,METERS,-109.3092
2139.7,2002-10-08,2022-04-27,33.5406,"STRAY HORSE ARIZONA, AZ US",0.9933,GHCND:USR0000ASTH,METERS,-109.3169
1913.8,1992-11-01,2022-04-27,33.2667,"TRAIL CABIN ARIZONA, AZ US",0.9784,GHCND:USR0000ATRA,METERS,-109.3683
2435.4,1994-05-11,2022-04-27,33.69,"BEAVER HEAD, AZ US",1.0,GHCND:USS0009S06S,METERS,-109.22
2749.3,1978-11-24,2022-04-27,33.65,"HANNAGAN MEADOWS, AZ US",0.996,GHCND:USS0009S11S,METERS,-109.31
393.2,1975-07-01,2022-02-28,34.22847,"ALAMO DAM, AZ US",0.983,GHCND:USC00020100,METERS,-113.57776
128.0,1893-10-01,2022-04-27,34.1547,"PARKER, AZ US",0.9335,GHCND:USC00026250,METERS,-114.2908
762.0,1988-12-05,2022-04-27,34.1158,"SMITH PEAK ARIZONA, AZ US",0.9974,GHCND:USR0000ASMI,METERS,-113.3472
320.8,1996-04-30,2022-04-29,32.919017,"SAN DIEGO, CA US",0.95,NEXRAD:KNKX,METERS,-117.0418
72.7,1996-07-26,2022-04-29,32.495281,"YUMA, AZ US",0.95,NEXRAD:KYUX,METERS,-114.656711
401.1,2009-08-22,2022-04-26,33.426727,"MESA 0.6 NNW, AZ US",0.9911,GHCND:US1AZMR0010,METERS,-111.743212
781.2,1998-06-17,2022-04-27,33.709972,"SCOTTSDALE 2.3 NE, AZ US",0.9535,GHCND:US1AZMR0016,METERS,-111.841463
596.5,1998-06-17,2022-04-27,33.785962,"CAVE CREEK 2.9 SSW, AZ US",0.8853,GHCND:US1AZMR0017,METERS,-111.977444
602.0,2009-08-31,2022-04-27,33.635093,"FOUNTAIN HILLS 2.1 NNW, AZ US",0.3796,GHCND:US1AZMR0022,METERS,-111.750007
401.7,2009-09-04,2022-03-29,33.3651,"TEMPE 3.1 WSW, AZ US",0.0858,GHCND:US1AZMR0023,METERS,-111.9761
384.0,2009-09-06,2022-04-27,33.664759,"SUN CITY WEST 1.0 W, AZ US",0.9731,GHCND:US1AZMR0026,METERS,-112.370992
804.7,2009-08-24,2022-02-28,33.8186,"CAREFREE 2.1 E, AZ US",0.9738,GHCND:US1AZMR0031,METERS,-111.8818
361.2,2009-11-15,2022-04-25,33.340431,"TEMPE 3.3 S, AZ US",1.0,GHCND:US1AZMR0032,METERS,-111.930331
363.0,2009-08-31,2022-01-01,33.32523,"CHANDLER 2.5 NNW, AZ US",0.1882,GHCND:US1AZMR0033,METERS,-111.890498
312.7,2009-09-02,2022-03-30,33.392477,"PHOENIX 5.6 SW, AZ US",0.5103,GHCND:US1AZMR0034,METERS,-112.143683
316.7,2002-06-09,2022-04-27,33.504106,"LITCHFIELD PARK 1.1 E, AZ US",0.987,GHCND:US1AZMR0035,METERS,-112.339877
406.0,2009-08-29,2022-04-24,33.6545556,"SURPRISE 1.3 ESE, AZ US",0.8637,GHCND:US1AZMR0042,METERS,-112.4480518
694.3,2009-09-08,2022-04-26,33.756639,"SCOTTSDALE 5.3 NNW, AZ US",0.9935,GHCND:US1AZMR0045,METERS,-111.904578
347.2,1998-06-17,2022-04-27,33.533929,"GLENDALE 3.5 S, AZ US",1.0,GHCND:US1AZMR0046,METERS,-112.195661
572.7,2010-10-21,2022-03-30,33.614293,"FOUNTAIN HILLS 2.5 W, AZ US",0.2209,GHCND:US1AZMR0049,METERS,-111.753436
406.3,2009-08-26,2022-04-27,33.52148,"PHOENIX 7.4 NE, AZ US",0.8228,GHCND:US1AZMR0057,METERS,-111.979626
387.4,2009-09-27,2022-04-27,33.474109,"SCOTTSDALE 7.8 SSW, AZ US",0.9801,GHCND:US1AZMR0071,METERS,-111.939508
415.4,2009-09-19,2022-03-29,33.578082,"PARADISE VALLEY 2.8 NNW, AZ US",0.1095,GHCND:US1AZMR0072,METERS,-111.969701
461.5,2009-10-03,2022-03-30,33.665558,"PHOENIX 15.3 NE, AZ US",0.0682,GHCND:US1AZMR0078,METERS,-112.010139
681.5,2009-09-17,2022-03-30,33.9322322,"NEW RIVER 3.2 ENE, AZ US",0.0793,GHCND:US1AZMR0080,METERS,-112.0825864
447.8,2009-09-01,2022-04-27,33.572013,"PHOENIX 9.2 NE, AZ US",0.9804,GHCND:US1AZMR0082,METERS,-112.013225
386.2,2009-09-01,2022-04-26,33.397783,"MESA 1.5 SSW, AZ US",0.9936,GHCND:US1AZMR0096,METERS,-111.750085
365.2,1998-06-17,2022-04-27,33.632146,"SUN CITY 1.2 NNW, AZ US",0.9935,GHCND:US1AZMR0103,METERS,-112.290324
544.1,2008-07-12,2022-03-29,33.465408,"MESA 6.4 ENE, AZ US",0.5927,GHCND:US1AZMR0105,METERS,-111.644499
409.3,2009-09-23,2022-03-29,33.577673,"SCOTTSDALE 0.9 SW, AZ US",0.0925,GHCND:US1AZMR0110,METERS,-111.913834
340.8,2009-10-11,2022-04-27,33.33644,"LAVEEN 3.0 SE, AZ US",1.0,GHCND:US1AZMR0111,METERS,-112.149714
435.3,2009-10-01,2022-04-26,33.615814,"SCOTTSDALE 4.0 NW, AZ US",0.7541,GHCND:US1AZMR0113,METERS,-111.956623
511.1,2009-09-07,2022-03-30,33.4423596,"MESA 11.0 E, AZ US",0.1151,GHCND:US1AZMR0153,METERS,-111.6317198
360.9,2009-09-10,2022-03-29,33.339032,"TEMPE 5.2 SSW, AZ US",0.0993,GHCND:US1AZMR0155,METERS,-111.930584
676.4,2009-09-13,2022-03-30,33.864,"CAVE CREEK 2.4 N, AZ US",0.1301,GHCND:US1AZMR0163,METERS,-111.953
276.1,1998-06-17,2022-04-26,33.406601,"GOODYEAR 5.9 WSW, AZ US",0.9068,GHCND:US1AZMR0170,METERS,-112.448525
368.2,2009-10-08,2022-03-30,33.355208,"CHANDLER 3.8 N, AZ US",0.9473,GHCND:US1AZMR0197,METERS,-111.846137
355.1,2009-09-21,2022-04-27,33.5204,"PHOENIX 5.6 N, AZ US",0.9235,GHCND:US1AZMR0198,METERS,-112.06871
363.3,2009-11-27,2022-04-27,33.451361,"SCOTTSDALE 3.7 SSW, AZ US",0.9885,GHCND:US1AZMR0207,METERS,-111.918187
460.9,2009-10-01,2022-03-30,33.478017,"MESA 8.4 ENE, AZ US",0.0907,GHCND:US1AZMR0213,METERS,-111.692399
395.3,2009-09-20,2022-04-26,33.367131,"GILBERT 3.6 ENE, AZ US",1.0,GHCND:US1AZMR0218,METERS,-111.720364
444.1,2009-09-28,2022-04-27,33.625797,"PHOENIX 12.8 N, AZ US",0.9767,GHCND:US1AZMR0220,METERS,-112.059055
366.1,2009-10-22,2022-02-24,33.571658,"GLENDALE 3.0 NNE, AZ US",0.5325,GHCND:US1AZMR0226,METERS,-112.163731
817.8,2009-10-01,2022-03-30,33.754,"SCOTTSDALE 17.7 N, AZ US",0.9967,GHCND:US1AZMR0232,METERS,-111.847
373.7,2009-10-24,2022-04-21,33.667811,"PEORIA 7.2 NNW, AZ US",0.7274,GHCND:US1AZMR0234,METERS,-112.296324
297.2,2009-10-23,2022-03-29,33.434876,"GOODYEAR 2.9 W, AZ US",0.9513,GHCND:US1AZMR0245,METERS,-112.400436
495.9,2010-01-19,2022-03-30,33.6335089,"SCOTTSDALE 9.4 NNE, AZ US",0.0954,GHCND:US1AZMR0258,METERS,-111.857613
367.3,2009-12-11,2022-04-26,33.36797,"MESA 4.3 SW, AZ US",0.9706,GHCND:US1AZMR0260,METERS,-111.862241
384.4,2010-01-01,2022-04-25,33.430492,"MESA 1.6 ENE, AZ US",0.9935,GHCND:US1AZMR0261,METERS,-111.795578
453.8,2010-01-22,2022-03-30,33.646773,"SCOTTSDALE 11.6 NNW, AZ US",0.9946,GHCND:US1AZMR0264,METERS,-111.987213
833.9,2010-01-14,2022-03-30,33.723863,"SCOTTSDALE 15.8 NNE, AZ US",0.109,GHCND:US1AZMR0265,METERS,-111.833804
360.0,2009-12-24,2022-04-27,33.404497,"TEMPE 1.0 WSW, AZ US",0.7498,GHCND:US1AZMR0267,METERS,-111.916479
405.4,2010-01-17,2022-03-29,33.56584,"SCOTTSDALE 4.7 NNW, AZ US",0.0512,GHCND:US1AZMR0277,METERS,-111.907665
381.6,2010-01-18,2022-04-25,33.229,"CHANDLER 5.4 SSE, AZ US",0.9165,GHCND:US1AZMR0278,METERS,-111.801
372.5,2010-01-01,2022-04-25,33.372,"GILBERT 2.4 NW, AZ US",0.5496,GHCND:US1AZMR0280,METERS,-111.812
416.7,2010-02-08,2022-03-29,33.361548,"PHOENIX 7.4 SE, AZ US",0.0677,GHCND:US1AZMR0282,METERS,-111.983283
458.1,2010-03-11,2022-03-30,33.7375,"SURPRISE 10.9 NE, AZ US",0.7211,GHCND:US1AZMR0287,METERS,-112.19035
507.5,2010-02-26,2022-04-27,33.431117,"MESA 13.4 E, AZ US",0.9861,GHCND:US1AZMR0288,METERS,-111.588467
428.5,2010-02-27,2022-04-25,33.706188,"GLENDALE 12.2 N, AZ US",0.6956,GHCND:US1AZMR0289,METERS,-112.172072
357.5,2010-03-05,2022-03-29,33.31614,"CHANDLER 6.3 W, AZ US",0.1411,GHCND:US1AZMR0290,METERS,-111.94692
365.5,2010-07-01,2022-04-27,33.293836,"PHOENIX 10.2 S, AZ US",0.9965,GHCND:US1AZMR0313,METERS,-112.088809
567.2,2011-02-01,2022-03-30,33.587334,"FOUNTAIN HILLS 2.5 SW, AZ US",0.1079,GHCND:US1AZMR0319,METERS,-111.743259
549.9,2011-03-22,2022-03-29,33.855013,"CAREFREE 13.2 W, AZ US",0.1942,GHCND:US1AZMR0322,METERS,-112.137016
399.6,2011-05-01,2022-04-26,33.350355,"PHOENIX 6.3 SSW, AZ US",0.9998,GHCND:US1AZMR0326,METERS,-112.094526
614.2,2011-11-05,2022-03-30,33.602707,"FOUNTAIN HILLS 2.4 WSW, AZ US",0.0716,GHCND:US1AZMR0335,METERS,-111.750956
476.1,2011-12-20,2022-04-27,33.4064937,"MESA 12.1 E, AZ US",0.6269,GHCND:US1AZMR0337,METERS,-111.610318
399.6,2012-03-15,2022-04-24,33.2108,"GILBERT 9.9 SSE, AZ US",0.759,GHCND:US1AZMR0338,METERS,-111.7424
387.1,2011-09-08,2022-03-29,33.294,"GILBERT 4.0 SSE, AZ US",0.119,GHCND:US1AZMR0339,METERS,-111.766
448.7,2012-04-01,2022-04-27,33.3476109802723,"MESA 13.6 ESE, AZ US",0.9864,GHCND:US1AZMR0342,METERS,-111.599920392036
366.1,2012-05-01,2022-04-26,33.4912185668945,"PHOENIX 5.4 NE, AZ US",1.0,GHCND:US1AZMR0343,METERS,-111.999328613281
308.2,2012-05-25,2022-04-27,33.47435,"AVONDALE 3.8 NE, AZ US",0.9917,GHCND:US1AZMR0344,METERS,-112.301731
360.6,2012-07-22,2022-03-29,33.3976554870605,"TEMPE 1.5 SW, AZ US",0.0786,GHCND:US1AZMR0347,METERS,-111.921737670898
366.7,2012-09-01,2022-04-24,33.3707122802734,"TEMPE 4.0 SW, AZ US",0.9917,GHCND:US1AZMR0352,METERS,-111.950317382813
372.8,2012-09-04,2022-03-30,33.550983,"PHOENIX 7.7 N, AZ US",0.7505,GHCND:US1AZMR0356,METERS,-112.060428
,2012-09-15,2022-04-27,33.2203636169434,"GILBERT 9.1 SSE, AZ US",0.9852,GHCND:US1AZMR0357,,-111.749015808105
436.5,2013-04-25,2022-03-30,33.5923919677734,"SCOTTSDALE 6.9 NNE, AZ US",0.1606,GHCND:US1AZMR0366,METERS,-111.845863342285
408.1,2013-07-01,2022-03-30,33.441218,"MESA 4.7 ENE, AZ US",0.8601,GHCND:US1AZMR0373,METERS,-111.741685
363.9,2013-10-01,2022-04-27,33.54864,"GLENDALE 2.5 ENE, AZ US",0.9189,GHCND:US1AZMR0379,METERS,-112.14254
362.4,2013-11-24,2022-04-18,33.296617,"PHOENIX 10.8 SSE, AZ US",0.5059,GHCND:US1AZMR0382,METERS,-111.997762
560.5,2014-02-01,2022-04-12,33.591907,"SCOTTSDALE 9.3 NE, AZ US",0.8042,GHCND:US1AZMR0384,METERS,-111.773064
444.4,2014-03-15,2022-04-24,33.6159362792969,"SCOTTSDALE 8.0 N, AZ US",0.9893,GHCND:US1AZMR0387,METERS,-111.88614654541
382.8,2014-07-13,2022-03-29,33.3639,"GILBERT 1.5 NE, AZ US",0.1285,GHCND:US1AZMR0392,METERS,-111.7604
482.2,2014-08-29,2022-03-05,33.673424,"BUCKEYE 21.2 N, AZ US",0.1387,GHCND:US1AZMR0395,METERS,-112.63063
338.3,2014-09-17,2022-02-24,33.587766,"EL MIRAGE 1.6 S, AZ US",0.9043,GHCND:US1AZMR0398,METERS,-112.324031
347.2,2014-09-19,2022-04-25,33.51269,"LITCHFIELD PARK 6.5 WNW, AZ US",0.8847,GHCND:US1AZMR0402,METERS,-112.45887
333.5,2015-01-03,2022-03-30,33.4761,"PHOENIX 2.6 NNW, AZ US",0.6048,GHCND:US1AZMR0410,METERS,-112.0797
307.8,2015-01-27,2022-03-30,33.480083,"GOODYEAR 3.5 NNW, AZ US",0.1153,GHCND:US1AZMR0411,METERS,-112.363052
313.6,2015-03-19,2022-03-29,33.4955,"LITCHFIELD PARK 0.4 N, AZ US",0.808,GHCND:US1AZMR0412,METERS,-112.34914
358.1,2015-10-04,2022-01-01,33.5376853942871,"PHOENIX 6.8 N, AZ US",0.0657,GHCND:US1AZMR0431,METERS,-112.085922241211
359.1,2015-10-02,2022-03-30,33.3948974609375,"TEMPE 2.1 WSW, AZ US",0.5734,GHCND:US1AZMR0432,METERS,-111.931816101074
459.0,2016-01-04,2022-03-30,33.402519,"MESA 11.1 E, AZ US",0.1159,GHCND:US1AZMR0435,METERS,-111.628919
366.7,2016-01-10,2022-04-27,33.2952423095703,"PHOENIX 10.1 S, AZ US",0.9109,GHCND:US1AZMR0436,METERS,-112.094390869141
718.7,2016-01-20,2022-04-27,33.94779,"WICKENBURG 2.6 WSW, AZ US",0.969,GHCND:US1AZMR0437,METERS,-112.76271
375.5,2012-09-01,2022-02-24,33.5549,"PHOENIX 7.9 N, AZ US",0.0886,GHCND:US1AZMR0440,METERS,-112.0662
367.0,2016-03-25,2022-04-27,33.37021,"MESA 4.3 SW, AZ US",1.0,GHCND:US1AZMR0442,METERS,-111.864501
410.6,2016-03-01,2022-03-30,33.623246,"PHOENIX 12.7 N, AZ US",0.937,GHCND:US1AZMR0443,METERS,-112.079672
501.4,2018-07-19,2022-03-30,33.4288330078125,"MESA 12.7 E, AZ US",0.2975,GHCND:US1AZMR0445,METERS,-111.600730895996
382.2,2016-08-13,2022-04-27,33.5762748718262,"WADDELL 0.2 W, AZ US",1.0,GHCND:US1AZMR0448,METERS,-112.453590393066
375.2,2016-05-09,2022-03-29,33.45523,"TEMPE 3.6 NNW, AZ US",0.4798,GHCND:US1AZMR0451,METERS,-111.93159
382.2,2016-05-01,2022-03-30,33.380225,"MESA 4.4 SE, AZ US",0.7917,GHCND:US1AZMR0454,METERS,-111.761289
641.9,2016-07-01,2022-04-27,33.872428,"MORRISTOWN 1.5 NE, AZ US",0.9294,GHCND:US1AZMR0456,METERS,-112.602688
382.5,2016-08-11,2022-03-29,33.24904,"CHANDLER 4.5 SE, AZ US",0.1104,GHCND:US1AZMR0458,METERS,-111.792786
363.9,2015-11-05,2022-03-30,33.38493,"TEMPE 1.8 S, AZ US",0.1223,GHCND:US1AZMR0461,METERS,-111.895005
371.6,2017-01-01,2022-04-27,33.204669,"SUN LAKES 2.2 ESE, AZ US",0.9876,GHCND:US1AZMR0463,METERS,-111.842015
443.2,2017-01-14,2022-04-18,33.487309,"MESA 8.6 ENE, AZ US",0.2234,GHCND:US1AZMR0464,METERS,-111.694637
390.4,2017-02-01,2022-03-29,33.302874,"GUADALUPE 7.2 SW, AZ US",0.4822,GHCND:US1AZMR0465,METERS,-112.055572
287.1,2017-02-01,2022-04-27,33.39289,"BUCKEYE 13.7 W, AZ US",1.0,GHCND:US1AZMR0466,METERS,-112.815469
538.3,2017-04-01,2022-04-26,33.576277286346,"FOUNTAIN HILLS 3.6 SW, AZ US",1.0,GHCND:US1AZMR0470,METERS,-111.75691924095
375.2,2017-07-26,2022-03-29,33.57192,"PHOENIX 9.9 NNW, AZ US",0.0837,GHCND:US1AZMR0476,METERS,-112.13899
362.4,2017-08-03,2022-03-29,33.362882,"TEMPE 3.6 SSW, AZ US",0.7582,GHCND:US1AZMR0477,METERS,-111.925358
405.4,2017-08-07,2022-04-27,33.254701,"GILBERT 7.7 SSE, AZ US",0.9432,GHCND:US1AZMR0478,METERS,-111.709846
595.3,2017-08-16,2022-04-27,33.864071,"ANTHEM 0.9 NE, AZ US",0.9371,GHCND:US1AZMR0479,METERS,-112.116356
400.5,2017-01-01,2022-04-10,33.56355,"PARADISE VALLEY 2.4 NNE, AZ US",0.9812,GHCND:US1AZMR0484,METERS,-111.93105
466.6,2017-12-01,2022-04-06,33.625353,"FOUNTAIN HILLS 1.2 NNE, AZ US",0.3902,GHCND:US1AZMR0485,METERS,-111.701124
386.2,2018-01-01,2022-04-26,33.642028,"SURPRISE 4.7 W, AZ US",0.8979,GHCND:US1AZMR0488,METERS,-112.409982
365.2,2018-02-26,2022-03-05,33.58728,"GLENDALE 4.1 NNW, AZ US",0.0899,GHCND:US1AZMR0492,METERS,-112.19699
413.6,2018-03-05,2022-04-26,33.27337,"GILBERT 7.3 SE, AZ US",0.9524,GHCND:US1AZMR0494,METERS,-111.69302
383.7,2018-03-23,2022-04-27,33.3447,"GILBERT 1.2 ESE, AZ US",1.0,GHCND:US1AZMR0496,METERS,-111.7595
445.9,2018-05-20,2022-03-29,33.629619,"PHOENIX 13.2 N, AZ US",0.1511,GHCND:US1AZMR0502,METERS,-112.049657
402.3,2018-05-31,2022-04-26,33.30046,"GILBERT 5.2 SE, AZ US",0.9474,GHCND:US1AZMR0503,METERS,-111.71133
380.7,2018-09-28,2022-04-26,33.339392,"GILBERT 0.8 SSE, AZ US",0.9862,GHCND:US1AZMR0511,METERS,-111.775322
402.9,2018-12-07,2022-04-19,33.6542,"SURPRISE 5.7 WNW, AZ US",0.9911,GHCND:US1AZMR0517,METERS,-112.42534
410.3,2019-09-06,2022-03-29,33.6193,"PHOENIX 12.4 N, AZ US",0.1538,GHCND:US1AZMR0529,METERS,-112.0774
395.6,2019-09-18,2022-02-21,33.60566,"PHOENIX 11.6 N, AZ US",0.9392,GHCND:US1AZMR0530,METERS,-112.10333
399.3,1998-06-17,2022-04-20,33.6833,"SUN CITY WEST 3.4 WNW, AZ US",0.7859,GHCND:US1AZMR0532,METERS,-112.3932
402.6,2019-10-25,2022-04-18,33.662576,"SURPRISE 5.8 WNW, AZ US",0.4476,GHCND:US1AZMR0535,METERS,-112.421976
311.2,2012-10-11,2022-04-26,33.42205,"BUCKEYE 3.9 NNE, AZ US",0.7502,GHCND:US1AZMR0536,METERS,-112.5522
367.6,2019-12-04,2022-03-29,33.206183,"SUN LAKES 0.9 SSW, AZ US",0.6671,GHCND:US1AZMR0537,METERS,-111.877935
450.5,2020-01-31,2022-04-25,33.647439,"PHOENIX 14.8 NNE, AZ US",1.0,GHCND:US1AZMR0539,METERS,-112.004519
442.9,2020-03-10,2022-03-30,33.439365,"MESA 7.4 E, AZ US",0.9694,GHCND:US1AZMR0544,METERS,-111.694414
373.7,2020-04-17,2022-04-14,33.6650098,"SUN CITY WEST 0.9 ENE, AZ US",0.5989,GHCND:US1AZMR0555,METERS,-112.3257777
435.9,2020-03-26,2022-04-21,33.6235,"PHOENIX 13.0 NNE, AZ US",1.0,GHCND:US1AZMR0561,METERS,-112.02
355.4,2020-04-01,2022-02-24,33.549593,"GLENDALE 1.4 N, AZ US",0.974,GHCND:US1AZMR0562,METERS,-112.182365
416.4,2020-03-26,2022-04-25,33.6095,"PHOENIX 11.7 N, AZ US",0.5913,GHCND:US1AZMR0569,METERS,-112.07072
667.8,2020-03-29,2022-04-26,33.77651,"CAREFREE 3.3 SSW, AZ US",0.4177,GHCND:US1AZMR0572,METERS,-111.93311
351.4,2020-04-30,2022-04-26,33.44768,"BUCKEYE 5.4 N, AZ US",1.0,GHCND:US1AZMR0577,METERS,-112.565177
414.2,2020-05-01,2022-04-26,33.614848,"PHOENIX 12.1 N, AZ US",1.0,GHCND:US1AZMR0578,METERS,-112.069501
457.2,2020-05-30,2022-04-27,33.6362745,"SCOTTSDALE 9.8 NNW, AZ US",0.9685,GHCND:US1AZMR0580,METERS,-111.9399998
507.8,2020-08-15,2022-03-30,33.59657,"FOUNTAIN HILLS 1.3 SW, AZ US",0.8614,GHCND:US1AZMR0583,METERS,-111.726377
333.1,2020-09-08,2022-03-30,33.486502,"PHOENIX 3.5 NNW, AZ US",0.6169,GHCND:US1AZMR0584,METERS,-112.09371
506.9,2020-11-11,2022-04-26,33.688571,"CAVE CREEK 9.8 S, AZ US",0.938,GHCND:US1AZMR0585,METERS,-111.968665
380.4,2020-10-01,2022-04-27,33.294719,"PHOENIX 10.0 S, AZ US",1.0,GHCND:US1AZMR0586,METERS,-112.065222
485.2,2009-09-01,2022-04-27,33.396045,"APACHE JUNCTION 2.5 WSW, AZ US",0.9936,GHCND:US1AZPN0020,METERS,-111.580659
502.9,1939-09-01,2022-04-27,33.8097,"BARTLETT DAM, AZ US",0.9233,GHCND:USC00020632,METERS,-111.6497
351.1,2020-01-01,2022-02-28,33.44769,"BUCKEYE 5 N, AZ US",1.0,GHCND:USC00021027,METERS,-112.56516
771.1,1962-06-01,2022-04-27,33.8161,"CAREFREE, AZ US",0.8466,GHCND:USC00021282,METERS,-111.9019
462.7,2002-01-01,2022-04-27,33.4191,"EAST MESA, AZ US",0.9788,GHCND:USC00022782,METERS,-111.6444
481.6,1979-10-01,2022-04-27,33.6009,"FOUNTAIN HILLS, AZ US",0.9441,GHCND:USC00023190,METERS,-111.71269
242.0,1892-12-01,2022-02-28,32.93803,"GILA BEND 2 SE, AZ US",0.8716,GHCND:USC00023393,METERS,-112.68109
615.7,1948-07-01,2022-02-28,33.9825,"HORSESHOE DAM, AZ US",0.9078,GHCND:USC00024182,METERS,-111.7138
519.7,1923-08-02,2022-04-27,33.55392,"MORMON FLAT, AZ US",0.8865,GHCND:USC00025700,METERS,-111.44474
173.1,1960-12-01,2022-02-28,33.0772,"PAINTED ROCK DAM, AZ US",0.3089,GHCND:USC00026194,METERS,-113.0316
781.8,2002-05-01,2022-04-27,33.7275,"PINNACLE PEAK, AZ US",0.9288,GHCND:USC00026603,METERS,-111.8605
433.4,1939-06-01,2022-04-06,33.559,"STEWART MOUNTAIN DAM, AZ US",0.9036,GHCND:USC00028214,METERS,-111.53658
355.7,1953-01-01,2022-04-27,33.42544,"TEMPE ASU, AZ US",0.9868,GHCND:USC00028499,METERS,-111.92168
312.4,1951-10-01,2022-02-28,33.4519,"TOLLESON 1 E, AZ US",0.9266,GHCND:USC00028598,METERS,-112.2433
345.9,1964-10-01,2022-04-21,33.59434,"YOUNGTOWN, AZ US",0.9899,GHCND:USC00029634,METERS,-112.30067
453.4,1998-09-01,2022-04-27,33.69021,"PHOENIX DEER VALLEY MUNICIPAL AIRPORT, AZ US",1.0,GHCND:USW00003184,METERS,-112.06616
436.1,2001-11-01,2022-04-27,33.61234,"SCOTTSDALE MUNICIPAL AIRPORT, AZ US",1.0,GHCND:USW00003192,METERS,-111.92317
339.2,1933-06-01,2022-04-28,33.4278,"PHOENIX AIRPORT, AZ US",0.9418,GHCND:USW00023183,METERS,-112.00365
311.2,2013-01-01,2022-04-17,33.417,"BUCKEYE MUNICIPAL AIRPORT, AZ US",1.0,WBAN:00226,METERS,-112.683
453.4,2005-01-01,2022-04-17,33.69021,"PHOENIX DEER VALLEY MUNICIPAL AIRPORT, AZ US",1.0,WBAN:03184,METERS,-112.06616
423.3,2005-04-07,2022-04-17,33.46588,"MESA FALCON FIELD, AZ US",0.58,WBAN:03185,METERS,-111.72121
295.0,2005-08-26,2022-04-17,33.41667,"PHOENIX GOODYEAR AIRPORT, AZ US",0.64,WBAN:03186,METERS,-112.38333
436.1,2005-01-01,2022-04-17,33.61234,"SCOTTSDALE MUNICIPAL AIRPORT, AZ US",1.0,WBAN:03192,METERS,-111.92317
421.2,1942-03-01,2022-04-17,33.3,"PHOENIX WILLIAMS GATEWAY AIRPORT, AZ US",0.96,WBAN:23104,METERS,-111.66667
330.7,1941-12-01,2022-04-17,33.55,"PHOENIX LUKE AFB, AZ US",0.89,WBAN:23111,METERS,-112.36667
339.2,1948-01-01,2022-04-17,33.4278,"PHOENIX AIRPORT, AZ US",0.99,WBAN:23183,METERS,-112.00365
324.9,2005-01-03,2022-04-17,33.52722,"GLENDALE MUNICIPAL AIRPORT, AZ US",0.55,WBAN:53126,METERS,-112.295
378.9,2005-01-01,2022-04-17,33.26889,"CHANDLER MUNICIPAL AIRPORT, AZ US",0.6,WBAN:53128,METERS,-111.81278
1146.7,2009-09-30,2022-03-29,35.185621,"KINGMAN 3.4 E, AZ US",0.3631,GHCND:US1AZMH0002,METERS,-113.989816
861.1,2009-10-01,2022-04-26,35.232759,"GOLDEN VALLEY 2.6 WNW, AZ US",0.5801,GHCND:US1AZMH0003,METERS,-114.271941
451.4,2010-02-01,2022-04-25,34.520972,"LAKE HAVASU 3.5 NE, AZ US",1.0,GHCND:US1AZMH0006,METERS,-114.280222
331.6,2010-08-08,2022-03-05,35.1885,"BULLHEAD CITY 3.8 NE, AZ US",0.0591,GHCND:US1AZMH0010,METERS,-114.5213
968.7,2014-12-03,2022-03-29,35.034021,"KINGMAN 23.2 ESE, AZ US",0.0916,GHCND:US1AZMH0021,METERS,-113.681248
170.1,2016-03-27,2022-04-27,34.455913,"LAKE HAVASU CITY 2.0 S, AZ US",0.8489,GHCND:US1AZMH0025,METERS,-114.317632
1063.1,2016-07-27,2022-04-25,35.612592,"DOLAN SPRINGS 1.4 NNE, AZ US",1.0,GHCND:US1AZMH0027,METERS,-114.26617
621.8,2016-07-30,2022-03-29,34.74,"WIKIEUP 2.5 NNE, AZ US",0.0744,GHCND:US1AZMH0028,METERS,-113.6
256.0,2016-11-12,2022-03-29,34.483267,"LAKE HAVASU CITY 0.6 ESE, AZ US",0.1685,GHCND:US1AZMH0029,METERS,-114.312506
1033.0,2017-10-01,2022-04-23,35.945921,"MEADVIEW 3.8 S, AZ US",0.4748,GHCND:US1AZMH0031,METERS,-114.072532
246.6,2019-04-16,2022-02-13,35.05939,"BULLHEAD CITY 5.6 SSW, AZ US",0.9237,GHCND:US1AZMH0036,METERS,-114.56971
161.8,1977-11-10,2022-04-27,35.1411,"BULLHEAD CITY, AZ US",0.8904,GHCND:USC00021050,METERS,-114.5686
136.9,1991-03-01,2022-04-27,34.5031,"LAKE HAVASU CITY, AZ US",0.9597,GHCND:USC00024761,METERS,-114.3604
1499.6,1963-06-01,2022-04-27,36.8626,"PIPE SPRING NATIONAL MONUMENT, AZ US",0.9787,GHCND:USC00026616,METERS,-112.7374
612.6,1925-07-01,2022-04-27,34.7055,"WIKIEUP, AZ US",0.8712,GHCND:USC00029309,METERS,-113.6124
2158.0,1992-05-01,2022-04-27,36.7944,"BLACK ROCK ARIZONA, AZ US",0.9872,GHCND:USR0000ABRK,METERS,-113.7567
144.8,1994-11-29,2022-04-27,34.7872,"HAVASU ARIZONA, AZ US",0.9978,GHCND:USR0000AHAV,METERS,-114.5617
1659.6,1994-09-26,2022-04-27,36.6992,"HURRICANE ARIZONA, AZ US",0.9982,GHCND:USR0000AHUR,METERS,-113.2072
1804.4,1992-06-09,2022-04-27,35.0336,"MOSS BASIN ARIZONA, AZ US",0.9951,GHCND:USR0000AMOS,METERS,-113.8925
2194.6,1985-01-23,2022-04-27,36.3472,"MOUNT LOGAN ARIZONA, AZ US",0.9706,GHCND:USR0000AMTL,METERS,-113.1989
1652.0,1996-03-20,2022-04-27,35.6147,"MUSIC MOUNTAIN ARIZONA, AZ US",1.0,GHCND:USR0000AMUS,METERS,-113.7939
1981.2,1992-01-01,2022-04-27,36.39,"NIXON FLATS ARIZONA, AZ US",0.9865,GHCND:USR0000ANIX,METERS,-113.1522
883.9,1985-05-23,2022-04-25,36.5072,"OLAF KNOLLS ARIZONA, AZ US",0.9772,GHCND:USR0000AOLA,METERS,-113.8161
1630.7,2002-08-16,2022-04-27,35.7825,"TRUXTON CANYON ARIZONA, AZ US",0.9031,GHCND:USR0000ATRU,METERS,-113.7942
1585.0,1985-01-23,2022-04-27,36.5819,"TWEEDS POINT ARIZONA, AZ US",0.991,GHCND:USR0000ATWE,METERS,-113.7319
1072.9,1994-05-23,2022-04-27,35.2247,"UNION PASS ARIZONA, AZ US",0.9939,GHCND:USR0000AUNI,METERS,-114.3747
1877.6,1987-12-22,2022-04-27,36.1542,"YELLOW JOHN MOUNTAIN ARIZONA, AZ US",0.9923,GHCND:USR0000AYEL,METERS,-113.5417
1043.5,1996-07-01,2022-04-27,35.25745,"KINGMAN AIRPORT, AZ US",0.9926,GHCND:USW00093167,METERS,-113.93405
1485.6,2014-02-27,2022-04-17,36.95972,"COLORADO CITY MUNICIPAL AIRPORT, AZ US",1.0,WBAN:53129,METERS,-113.01389
211.8,2005-04-18,2022-04-17,35.15722,"LAUGHLIN BULLHEAD INTERNATIONAL AIRPORT, AZ US",1.0,WBAN:53135,METERS,-114.55944
1043.5,1999-01-01,2022-04-17,35.25745,"KINGMAN AIRPORT, AZ US",1.0,WBAN:93167,METERS,-113.93405
2193.0,2009-09-28,2022-04-25,34.110928,"PINETOP LAKESIDE 4.0 ESE, AZ US",0.9961,GHCND:US1AZNV0007,METERS,-109.900314
1745.6,2009-10-01,2022-04-27,34.47272,"TAYLOR 3.2 WNW, AZ US",0.9601,GHCND:US1AZNV0009,METERS,-110.14355
1906.8,1998-06-17,2022-04-27,34.282461,"SHOW LOW 6.5 WNW, AZ US",0.9935,GHCND:US1AZNV0010,METERS,-110.126559
1770.0,2013-08-01,2022-04-20,34.4969,"SNOWFLAKE 5.6 W, AZ US",1.0,GHCND:US1AZNV0012,METERS,-110.1668
1731.6,2015-07-29,2022-03-30,34.434181,"TAYLOR 2.3 SE, AZ US",0.2007,GHCND:US1AZNV0013,METERS,-110.065918
1962.0,1998-06-17,2022-04-27,34.245696,"SHOW LOW 2.3 W, AZ US",0.96,GHCND:US1AZNV0018,METERS,-110.059395
2051.0,2016-06-01,2022-04-27,34.1588745117188,"PINETOP LAKESIDE 1.4 NNW, AZ US",0.9444,GHCND:US1AZNV0020,METERS,-109.969276428223
2025.7,2016-04-08,2022-03-31,34.397,"OVERGAARD 1.4 ENE, AZ US",0.969,GHCND:US1AZNV0024,METERS,-110.529
1741.0,2016-08-09,2022-04-25,34.493145,"SNOWFLAKE 1.4 SW, AZ US",0.9338,GHCND:US1AZNV0035,METERS,-110.084344
2009.9,2018-09-17,2022-04-27,34.189592,"SHOW LOW 4.2 S, AZ US",1.0,GHCND:US1AZNV0042,METERS,-110.013096
2013.8,1998-06-17,2022-03-31,34.389339,"OVERGAARD 0.1 S, AZ US",0.0497,GHCND:US1AZNV0045,METERS,-110.553612
1479.2,2020-09-22,2022-04-26,35.03385,"WINSLOW 1.1 NNW, AZ US",0.946,GHCND:US1AZNV0052,METERS,-110.69885
2220.8,1939-03-01,2022-04-21,36.6778,"BETATAKIN, AZ US",0.953,GHCND:USC00020750,METERS,-110.5411
2008.6,1950-08-01,2022-04-05,34.3925,"HEBER BLACK MESA RANGER STATION, AZ US",0.9651,GHCND:USC00023961,METERS,-110.558
1659.9,1931-01-01,2022-02-28,34.7994,"PETRIFIED FOREST NATIONAL PARK, AZ US",0.9882,GHCND:USC00026468,METERS,-109.885
1954.1,1965-12-01,2022-04-27,34.2639,"SHOW LOW AIRPORT, AZ US",0.9926,GHCND:USC00027855,METERS,-110.0075
2022.3,2000-02-01,2022-04-27,34.3978,"HEBER ARIZONA, AZ US",0.9883,GHCND:USR0000AHBR,METERS,-110.5644
1885.5,2002-08-09,2022-04-27,35.8103,"HOPI ARIZONA, AZ US",0.9721,GHCND:USR0000AHPI,METERS,-110.2069
2133.6,1986-01-17,2022-04-27,34.16,"LAKESIDE ARIZONA, AZ US",0.9144,GHCND:USR0000ALAK,METERS,-109.98
2072.6,1985-05-23,2022-04-27,34.1789,"LIMESTONE CANYON ARIZONA, AZ US",0.9167,GHCND:USR0000ALIM,METERS,-110.2736
2328.7,1979-08-06,2022-04-27,34.31,"HEBER, AZ US",0.982,GHCND:USS0010R04S,METERS,-110.75
1489.2,1898-10-01,2022-04-28,35.02795,"WINSLOW AIRPORT, AZ US",0.916,GHCND:USW00023194,METERS,-110.72206
1954.1,2005-02-24,2022-04-17,34.2639,"SHOW LOW AIRPORT, AZ US",1.0,WBAN:03101,METERS,-110.0075
1489.2,1948-01-01,2022-04-17,35.02795,"WINSLOW AIRPORT, AZ US",1.0,WBAN:23194,METERS,-110.72206
773.6,2009-08-24,2022-04-23,32.347742,"TUCSON 11.7 NNW, AZ US",0.9601,GHCND:US1AZPM0003,METERS,-110.980251
732.1,2009-08-17,2022-03-31,32.25993,"TUCSON 5.0 NNW, AZ US",0.9668,GHCND:US1AZPM0005,METERS,-110.933136
916.8,2009-08-21,2022-04-27,32.025488,"THREE POINTS 2.9 S, AZ US",0.7679,GHCND:US1AZPM0012,METERS,-111.274892
1049.4,2009-08-01,2022-01-01,31.952529,"CORONA DE TUSCON 0.4 SE, AZ US",0.8267,GHCND:US1AZPM0013,METERS,-110.762995
783.9,2009-10-01,2022-04-24,32.216811,"TUCSON 1.5 NNE, AZ US",0.9144,GHCND:US1AZPM0014,METERS,-110.882539
795.5,2009-09-01,2022-04-26,32.287085,"TUCSON 8.5 NE, AZ US",0.5484,GHCND:US1AZPM0024,METERS,-110.794859
783.9,2009-08-20,2022-03-21,32.138868,"TUCSON 8.9 SW, AZ US",0.606,GHCND:US1AZPM0031,METERS,-111.038193
682.1,2009-01-01,2022-04-27,32.318,"FLOWING WELLS 2.1 NW, AZ US",0.9914,GHCND:US1AZPM0046,METERS,-111.031
756.2,2009-09-01,2022-04-27,32.382661,"FLOWING WELLS 6.4 NNW, AZ US",0.9223,GHCND:US1AZPM0047,METERS,-111.037893
708.1,2009-09-01,2022-04-27,32.302094,"FLOWING WELLS 3.9 W, AZ US",0.9936,GHCND:US1AZPM0049,METERS,-111.075168
743.7,2009-11-01,2022-03-29,32.253568,"TUCSON 4.1 NNW, AZ US",1.0,GHCND:US1AZPM0050,METERS,-110.907488
752.9,2009-09-01,2022-04-27,32.214423,"TUCSON 2.5 WNW, AZ US",0.9543,GHCND:US1AZPM0051,METERS,-110.928991
713.8,2009-09-01,2022-03-31,32.28607,"FLOWING WELLS 3.1 W, AZ US",0.983,GHCND:US1AZPM0063,METERS,-111.06222
774.5,2009-08-22,2022-04-27,32.398456,"ORO VALLEY 2.0 SSW, AZ US",0.6485,GHCND:US1AZPM0066,METERS,-110.980155
826.9,2009-08-26,2022-03-31,32.4177,"ORO VALLEY 1.1 ESE, AZ US",0.7264,GHCND:US1AZPM0069,METERS,-110.9475
808.9,2009-09-06,2022-03-30,32.275441,"TUCSON 8.3 NE, AZ US",0.8991,GHCND:US1AZPM0072,METERS,-110.784505
805.9,2000-08-12,2022-04-25,32.22607,"TUCSON 5.8 ENE, AZ US",1.0,GHCND:US1AZPM0082,METERS,-110.79839
908.6,2009-09-04,2022-04-27,32.4639,"ORO VALLEY 2.8 NNE, AZ US",0.788,GHCND:US1AZPM0083,METERS,-110.9542
880.0,2009-09-01,2022-03-30,32.200881,"TUCSON 8.9 E, AZ US",0.9843,GHCND:US1AZPM0087,METERS,-110.769093
759.6,2009-10-28,2022-04-26,32.393336,"ORO VALLEY 1.3 W, AZ US",0.9583,GHCND:US1AZPM0101,METERS,-110.98187
730.9,2008-07-07,2022-04-27,32.2403,"TUCSON 3.0 WNW, AZ US",0.7043,GHCND:US1AZPM0103,METERS,-110.9648
700.1,1998-06-17,2022-03-30,32.3025,"TUCSON 7.2 NW, AZ US",0.8593,GHCND:US1AZPM0106,METERS,-110.99611
671.5,2009-01-01,2022-04-27,32.34265,"TUCSON 18.6 WNW, AZ US",0.9069,GHCND:US1AZPM0107,METERS,-111.204087
719.9,2009-01-15,2022-04-27,32.2785,"TUCSON 4.1 N, AZ US",0.9799,GHCND:US1AZPM0108,METERS,-110.9303
874.2,1998-06-17,2022-04-27,31.960748,"SAHUARITA 2.6 WNW, AZ US",0.9335,GHCND:US1AZPM0109,METERS,-110.991934
886.1,2009-11-10,2022-04-27,32.139041,"TUCSON 10.5 ESE, AZ US",1.0,GHCND:US1AZPM0111,METERS,-110.76738
844.3,2009-10-01,2022-04-22,32.4223,"TUCSON 14.5 NNW, AZ US",0.9913,GHCND:US1AZPM0112,METERS,-110.9843
889.1,2009-12-07,2022-03-30,31.92019,"SAHUARITA 3.3 SW, AZ US",0.5341,GHCND:US1AZPM0113,METERS,-110.99411
890.0,2010-01-09,2022-04-26,32.116925,"TUCSON 10.3 SE, AZ US",0.949,GHCND:US1AZPM0118,METERS,-110.793624
768.1,2010-01-12,2022-03-29,32.231868,"TUCSON 2.0 ENE, AZ US",0.9513,GHCND:US1AZPM0119,METERS,-110.889304
894.9,2010-01-01,2022-01-03,32.460368,"ORO VALLEY 4.9 N, AZ US",0.8598,GHCND:US1AZPM0120,METERS,-110.949512
708.4,2010-01-22,2022-04-27,32.282869,"TUCSON 5.2 NNW, AZ US",1.0,GHCND:US1AZPM0124,METERS,-110.968863
796.4,2010-02-04,2022-04-27,32.291831,"TUCSON 8.5 NE, AZ US",0.9539,GHCND:US1AZPM0132,METERS,-110.802731
703.2,2010-01-01,2022-04-27,32.270915,"TUCSON 7.3 WNW, AZ US",0.994,GHCND:US1AZPM0135,METERS,-111.02957
914.4,2010-02-07,2022-04-27,32.474517,"ORO VALLEY 5.8 N, AZ US",0.9787,GHCND:US1AZPM0137,METERS,-110.957964
905.3,2010-01-18,2022-04-27,32.456031,"ORO VALLEY 4.9 NNW, AZ US",0.7388,GHCND:US1AZPM0138,METERS,-110.989533
834.5,2010-02-01,2022-04-27,32.416632,"ORO VALLEY 2.1 NNW, AZ US",0.9586,GHCND:US1AZPM0139,METERS,-110.975786
866.5,2010-03-01,2022-04-27,32.4289,"ORO VALLEY 3.1 NNW, AZ US",0.9999,GHCND:US1AZPM0141,METERS,-110.9872
794.0,2009-10-03,2022-03-30,32.143071,"TUCSON 10.2 WSW, AZ US",0.1151,GHCND:US1AZPM0142,METERS,-111.06967
827.8,2010-01-01,2022-04-27,32.254321,"TUCSON 11.7 ENE, AZ US",0.9935,GHCND:US1AZPM0143,METERS,-110.723271
795.8,2010-01-21,2022-04-27,32.2163,"TUCSON 4.9 E, AZ US",0.9194,GHCND:US1AZPM0145,METERS,-110.8363
867.2,2010-04-22,2022-04-26,32.303011,"TUCSON 11.8 ENE, AZ US",0.7176,GHCND:US1AZPM0146,METERS,-110.743755
750.7,2009-08-23,2022-04-27,32.231778,"TUCSON 1.3 NW, AZ US",0.9859,GHCND:US1AZPM0147,METERS,-110.93631
710.2,2010-04-20,2022-04-26,32.2806,"TUCSON 5.0 NNW, AZ US",0.9289,GHCND:US1AZPM0148,METERS,-110.9672
730.3,2010-07-09,2022-01-19,32.2513,"TUCSON 6.6 WNW, AZ US",0.1047,GHCND:US1AZPM0149,METERS,-111.0271
842.2,2010-06-24,2022-03-30,32.4178,"ORO VALLEY 3.1 NW, AZ US",0.1624,GHCND:US1AZPM0153,METERS,-111.0015
861.7,2010-06-30,2022-04-27,32.25455,"TUCSON 14.7 E, AZ US",0.5444,GHCND:US1AZPM0156,METERS,-110.671978
743.1,1998-06-17,2022-04-26,32.353122,"TUCSON 10.3 NNW, AZ US",0.9999,GHCND:US1AZPM0160,METERS,-111.000341
888.5,1998-06-17,2022-04-25,32.446347,"ORO VALLEY 4.0 NNW, AZ US",0.9857,GHCND:US1AZPM0162,METERS,-110.973298
872.6,2009-07-01,2022-04-27,31.894198,"GREEN VALLEY 3.9 NE, AZ US",0.9494,GHCND:US1AZPM0172,METERS,-110.946107
774.2,2010-09-21,2022-04-26,32.393208,"ORO VALLEY 0.4 NW, AZ US",0.9013,GHCND:US1AZPM0176,METERS,-110.965608
648.0,2011-05-01,2022-04-26,32.370654,"TUCSON 15.5 NW, AZ US",0.9728,GHCND:US1AZPM0181,METERS,-111.11798
805.3,2013-06-01,2022-03-04,32.19775,"TUCSON 6.0 ESE, AZ US",0.201,GHCND:US1AZPM0183,METERS,-110.8216
774.5,2011-06-01,2022-04-27,32.2483,"TUCSON 6.2 ENE, AZ US",0.995,GHCND:US1AZPM0184,METERS,-110.82
760.2,2011-07-01,2022-04-27,32.392437,"ORO VALLEY 1.8 W, AZ US",0.8799,GHCND:US1AZPM0185,METERS,-110.991236
714.8,1998-06-17,2022-03-30,32.2988,"TUCSON 10.7 WNW, AZ US",0.3797,GHCND:US1AZPM0193,METERS,-111.076956
878.7,2011-10-25,2022-03-30,31.888367,"GREEN VALLEY 3.7 NE, AZ US",0.706,GHCND:US1AZPM0194,METERS,-110.946202
907.4,2012-01-16,2022-04-24,32.46,"ORO VALLEY 4.9 N, AZ US",0.4179,GHCND:US1AZPM0195,METERS,-110.97
714.8,2012-06-17,2022-03-30,32.242259979248,"TUCSON 5.5 WNW, AZ US",0.1237,GHCND:US1AZPM0199,METERS,-111.009552001953
704.7,2012-04-27,2022-04-27,32.246410369873,"TUCSON 5.3 WNW, AZ US",0.9652,GHCND:US1AZPM0201,METERS,-111.004592895508
819.6,2011-11-18,2022-03-30,32.2824434190989,"TUCSON 9.9 ENE, AZ US",0.9889,GHCND:US1AZPM0202,METERS,-110.768314898014
1303.3,2002-01-03,2022-04-26,31.8817193806171,"VAIL 8.6 SSE, AZ US",0.9231,GHCND:US1AZPM0204,METERS,-110.663935393095
713.5,2012-06-10,2022-04-27,32.3585,"TUCSON 12.3 NW, AZ US",1.0,GHCND:US1AZPM0206,METERS,-111.0515
847.6,2012-06-17,2022-04-24,32.220503,"TUCSON 8.9 E, AZ US",0.9,GHCND:US1AZPM0210,METERS,-110.767423
822.0,2012-07-13,2022-03-30,32.1324462890625,"TUCSON 6.4 SSE, AZ US",0.8878,GHCND:US1AZPM0215,METERS,-110.882888793945
769.0,2012-07-07,2022-03-30,32.3169746398926,"TUCSON 7.1 NNW, AZ US",0.0884,GHCND:US1AZPM0223,METERS,-110.96240234375
765.0,2013-04-25,2022-04-23,32.262492,"TUCSON 6.4 ENE, AZ US",0.9813,GHCND:US1AZPM0229,METERS,-110.822743
1020.5,2013-06-13,2022-04-25,32.489208,"CATALINA 2.5 ESE, AZ US",1.0,GHCND:US1AZPM0231,METERS,-110.884141
848.6,2013-07-14,2022-03-22,32.1710472106934,"TUCSON 8.3 WSW, AZ US",0.8891,GHCND:US1AZPM0233,METERS,-111.050018310547
851.3,2013-07-30,2022-04-05,32.452579,"MARANA 8.4 E, AZ US",0.4628,GHCND:US1AZPM0234,METERS,-111.079228
680.9,2013-10-19,2022-04-25,32.322036,"TUCSON 9.9 NW, AZ US",0.9817,GHCND:US1AZPM0244,METERS,-111.03852
855.6,2013-10-13,2022-04-27,32.204713,"TUCSON 8.1 E, AZ US",0.9875,GHCND:US1AZPM0245,METERS,-110.782382
707.7,2014-01-01,2022-04-01,32.30096,"TUCSON 10.3 WNW, AZ US",0.9429,GHCND:US1AZPM0247,METERS,-111.06799
769.6,2013-01-01,2022-03-30,32.2258453369141,"TUCSON 1.0 ENE, AZ US",0.2062,GHCND:US1AZPM0248,METERS,-110.904647827148
795.5,2014-01-17,2022-04-27,32.226238,"TUCSON 5.8 E, AZ US",0.8862,GHCND:US1AZPM0249,METERS,-110.821327
766.6,2015-01-01,2022-04-26,32.2554856404608,"TUCSON 5.0 ENE, AZ US",0.9798,GHCND:US1AZPM0261,METERS,-110.844934612517
730.3,2015-07-19,2022-04-22,32.351275,"TUCSON 10.7 NNW, AZ US",0.9947,GHCND:US1AZPM0263,METERS,-111.016325
660.5,2015-08-24,2022-04-26,32.347345,"TUCSON 13.8 NW, AZ US",0.9569,GHCND:US1AZPM0265,METERS,-111.101542
891.5,2015-09-22,2022-04-27,32.44762,"ORO VALLEY 4.1 NNW, AZ US",0.7929,GHCND:US1AZPM0266,METERS,-110.97388
867.5,2015-09-24,2022-03-30,32.1572456359863,"TUCSON 9.8 ESE, AZ US",0.1517,GHCND:US1AZPM0268,METERS,-110.76953125
902.5,2015-10-10,2022-04-27,31.868254,"GREEN VALLEY 1.2 W, AZ US",0.8629,GHCND:US1AZPM0269,METERS,-111.009819
866.5,2015-11-22,2022-04-27,31.8921203613281,"GREEN VALLEY 2.7 NNE, AZ US",0.5768,GHCND:US1AZPM0272,METERS,-110.983985900879
722.4,2015-08-02,2022-04-27,32.304529,"TUCSON 11.3 WNW, AZ US",1.0,GHCND:US1AZPM0273,METERS,-111.084797
888.5,2016-04-08,2022-03-30,32.4634069,"ORO VALLEY 5.3 NNE, AZ US",0.1525,GHCND:US1AZPM0275,METERS,-110.936001
916.8,2016-04-01,2022-04-26,32.461993,"ORO VALLEY 5.0 N, AZ US",0.9937,GHCND:US1AZPM0285,METERS,-110.967916
807.1,2016-07-19,2022-03-30,32.384287,"ORO VALLEY 0.6 SW, AZ US",0.3051,GHCND:US1AZPM0286,METERS,-110.968762
815.0,2016-08-03,2022-04-27,32.441484,"MARANA 8.3 E, AZ US",0.9078,GHCND:US1AZPM0289,METERS,-111.078268
758.6,2016-12-17,2022-03-30,32.375752,"TUCSON 12.3 NNW, AZ US",0.9446,GHCND:US1AZPM0292,METERS,-111.020463
744.6,2017-01-08,2022-04-26,32.306854,"ORO VALLEY 9.9 SW, AZ US",1.0,GHCND:US1AZPM0294,METERS,-111.098115
833.3,2017-05-01,2022-04-03,32.22767,"TUCSON 10.8 E, AZ US",0.9672,GHCND:US1AZPM0304,METERS,-110.735516
804.4,2017-05-09,2022-03-30,32.29806,"TUCSON 8.7 NE, AZ US",1.0,GHCND:US1AZPM0306,METERS,-110.80395
1055.8,2017-07-09,2022-03-30,31.98556,"VAIL 1.4 SW, AZ US",0.1756,GHCND:US1AZPM0308,METERS,-110.71552
915.6,2017-06-29,2022-03-16,31.86725,"GREEN VALLEY 1.1 NW, AZ US",0.8931,GHCND:US1AZPM0311,METERS,-111.00556
751.3,2017-07-01,2022-02-28,32.165545,"TUCSON 12.6 WSW, AZ US",0.6843,GHCND:US1AZPM0315,METERS,-111.126018
758.6,2017-08-14,2022-04-12,32.129715,"VALENCIA WEST 1.1 E, AZ US",1.0,GHCND:US1AZPM0318,METERS,-111.129873
783.9,2017-11-08,2022-03-21,32.241516,"TUCSON 7.1 ENE, AZ US",0.2339,GHCND:US1AZPM0321,METERS,-110.801342
935.1,2017-11-01,2022-03-30,32.477619,"CATALINA 1.6 S, AZ US",0.9659,GHCND:US1AZPM0322,METERS,-110.917184
928.7,2017-11-21,2022-04-27,31.875219,"GREEN VALLEY 1.5 NW, AZ US",1.0,GHCND:US1AZPM0323,METERS,-111.009087
1094.5,1998-06-17,2022-04-27,31.973552,"VAIL 2.0 SSE, AZ US",0.8568,GHCND:US1AZPM0326,METERS,-110.689671
769.9,2018-02-01,2022-04-04,32.182912,"SOUTH TUCSON 9.8 W, AZ US",0.9606,GHCND:US1AZPM0327,METERS,-111.127059
767.2,2008-07-02,2022-04-27,32.272289,"TUCSON 5.1 NE, AZ US",0.9792,GHCND:US1AZPM0328,METERS,-110.858273
548.6,2018-05-05,2022-03-29,32.37172,"AJO 0.4 W, AZ US",0.0919,GHCND:US1AZPM0331,METERS,-112.86829
1094.2,2018-05-15,2022-04-25,31.987122,"SAHUARITA 10.0 WNW, AZ US",0.9653,GHCND:US1AZPM0332,METERS,-111.115347
826.6,2018-04-14,2022-01-19,32.182992,"TUCSON 7.7 ESE, AZ US",0.1038,GHCND:US1AZPM0336,METERS,-110.795855
840.9,2018-05-01,2022-04-27,32.167593,"TUCSON 8.5 ESE, AZ US",0.9409,GHCND:US1AZPM0338,METERS,-110.788003
736.7,2018-06-01,2022-04-04,32.2841,"TUCSON 9.9 WNW, AZ US",1.0,GHCND:US1AZPM0339,METERS,-111.0709
877.8,2018-08-16,2022-04-27,31.88925,"GREEN VALLEY 3.7 NE, AZ US",0.8438,GHCND:US1AZPM0346,METERS,-110.94587
912.6,2018-08-07,2022-01-24,31.8731,"GREEN VALLEY 1.4 NNW, AZ US",0.9992,GHCND:US1AZPM0347,METERS,-111.00455
1033.0,2019-01-01,2022-01-31,32.07931,"TUCSON 18.1 ESE, AZ US",0.7622,GHCND:US1AZPM0359,METERS,-110.65832
826.6,2019-05-16,2022-03-30,32.198407,"TUCSON 7.0 ESE, AZ US",0.1229,GHCND:US1AZPM0363,METERS,-110.802524
756.5,2019-06-01,2022-03-30,32.245791,"TUCSON 2.5 NE, AZ US",0.9999,GHCND:US1AZPM0366,METERS,-110.890388
775.1,2019-08-01,2022-04-27,32.367376,"ORO VALLEY 1.7 SSW, AZ US",0.9688,GHCND:US1AZPM0368,METERS,-110.969111
801.9,2019-09-08,2022-01-23,32.232926,"TUCSON 8.1 E, AZ US",0.8562,GHCND:US1AZPM0370,METERS,-110.781556
768.1,2019-10-27,2022-04-27,32.12388,"TUCSON 13.2 WSW, AZ US",0.9663,GHCND:US1AZPM0371,METERS,-111.11536
733.0,2019-09-18,2022-04-27,32.23495,"TUCSON 2.8 WNW, AZ US",0.8111,GHCND:US1AZPM0374,METERS,-110.96522
919.9,2019-09-24,2022-04-27,31.843923,"GREEN VALLEY 1.2 SW, AZ US",0.9335,GHCND:US1AZPM0375,METERS,-111.008993
765.7,2019-11-06,2022-03-30,32.225369,"TUCSON 6.5 W, AZ US",0.9053,GHCND:US1AZPM0378,METERS,-111.031251
733.7,2020-01-01,2022-04-27,32.246752,"TUCSON 3.2 NW, AZ US",1.0,GHCND:US1AZPM0379,METERS,-110.965298
741.6,2020-02-21,2022-03-30,32.24909,"TUCSON 2.4 NNW, AZ US",0.1664,GHCND:US1AZPM0384,METERS,-110.94197
835.5,2019-09-01,2022-04-22,32.390495,"AVRA VALLEY 11.2 WSW, AZ US",1.0,GHCND:US1AZPM0385,METERS,-111.500911
644.0,2019-01-01,2022-04-20,32.377216,"TUCSON 16.7 NW, AZ US",0.9199,GHCND:US1AZPM0386,METERS,-111.136546
785.5,2020-04-19,2022-04-26,32.391223,"TUCSON 13.3 NNW, AZ US",1.0,GHCND:US1AZPM0390,METERS,-111.025316
680.9,2020-04-12,2022-04-26,32.267254,"TUCSON 18.8 W, AZ US",0.9651,GHCND:US1AZPM0391,METERS,-111.2363
884.5,2020-04-16,2022-04-27,31.827222,"GREEN VALLEY 1.9 SSW, AZ US",0.9704,GHCND:US1AZPM0392,METERS,-110.998927
635.5,2020-05-11,2022-04-08,32.387063,"MARANA 4.9 SE, AZ US",0.851,GHCND:US1AZPM0393,METERS,-111.154201
897.3,2019-05-16,2022-04-16,31.8562,"GREEN VALLEY 2.0 E, AZ US",1.0,GHCND:US1AZPM0394,METERS,-110.9606
755.9,2020-06-01,2022-04-26,32.390278,"ORO VALLEY 2.0 W, AZ US",1.0,GHCND:US1AZPM0397,METERS,-110.994167
783.0,2020-06-16,2022-04-27,32.242247,"TUCSON 6.8 ENE, AZ US",1.0,GHCND:US1AZPM0398,METERS,-110.807368
888.8,2020-06-08,2022-03-30,32.315594,"TUCSON 7.1 NNE, AZ US",0.8638,GHCND:US1AZPM0399,METERS,-110.877235
660.8,2020-07-23,2022-04-22,32.336807,"PICTURE ROCKS ESTATE 0.5 NNE, AZ US",0.9249,GHCND:US1AZPM0402,METERS,-111.223223
962.9,2020-08-24,2022-04-26,31.796341,"GREEN VALLEY 4.9 SW, AZ US",0.9787,GHCND:US1AZPM0404,METERS,-111.045913
899.5,2020-11-06,2022-04-26,31.836144,"GREEN VALLEY 1.9 SE, AZ US",1.0,GHCND:US1AZPM0408,METERS,-110.97106
726.9,2020-12-07,2022-04-27,32.3325,"TUCSON 9.5 NW, AZ US",1.0,GHCND:US1AZPM0411,METERS,-111.01344
825.7,2020-12-30,2022-04-27,32.2886,"TUCSON 10.4 ENE, AZ US",1.0,GHCND:US1AZPM0412,METERS,-110.7625
1081.4,2021-01-02,2022-03-21,31.9906,"SAHUARITA 9.9 WNW, AZ US",0.3941,GHCND:US1AZPM0413,METERS,-111.11228
533.7,1914-05-01,2022-04-26,32.3698,"AJO, AZ US",0.9717,GHCND:USC00020080,METERS,-112.8599
840.9,1942-12-01,2022-04-27,31.9793,"ANVIL RANCH, AZ US",0.9569,GHCND:USC00020287,METERS,-111.3837
1112.2,1899-10-01,2022-04-11,31.57669,"ARIVACA, AZ US",0.5198,GHCND:USC00020380,METERS,-111.31709
825.1,2007-04-01,2022-04-27,32.4177,"CATALINA STATE PARK, AZ US",0.9555,GHCND:USC00021357,METERS,-110.9302
883.9,1988-05-01,2022-04-27,31.893,"GREEN VALLEY, AZ US",0.9681,GHCND:USC00023668,METERS,-110.9977
2403.7,1958-09-13,2022-04-27,32.4487,"MOUNT LEMMON FIRE DEPARTMENT, AZ US",0.1874,GHCND:USC00025732,METERS,-110.75454
2141.8,2018-01-01,2022-04-27,32.3859,"MOUNT LEMMON WILLOW CANYON, AZ US",0.9995,GHCND:USC00025737,METERS,-110.69799
511.5,1944-01-01,2022-04-22,31.9555,"ORGAN PIPE CACTUS NM, AZ US",0.9828,GHCND:USC00026132,METERS,-112.8002
879.0,1941-07-01,2022-03-31,32.42757,"REDINGTON, AZ US",0.945,GHCND:USC00027036,METERS,-110.48762
938.8,2009-07-01,2022-04-26,32.1794,"SAGUARO NATIONAL PARK, AZ US",0.9738,GHCND:USC00027398,METERS,-110.7363
1094.2,1959-02-12,2022-04-27,31.483,"SASABE, AZ US",0.9564,GHCND:USC00027619,METERS,-111.5436
1165.9,1950-12-01,2022-02-28,31.6036,"SASABE 7 NW, AZ US",0.9261,GHCND:USC00027622,METERS,-111.6022
1065.3,1987-01-01,2022-03-31,31.5716,"SASABE 6 NNE, AZ US",0.8389,GHCND:USC00027625,METERS,-111.5055
770.2,2009-07-01,2022-04-27,32.3391,"TOHONO CHUL, AZ US",0.8617,GHCND:USC00028590,METERS,-110.9808
780.6,1982-05-01,2022-03-31,32.2541,"TUCSON 17 NW, AZ US",0.9123,GHCND:USC00028795,METERS,-111.1961
908.3,1992-02-01,2022-03-29,32.1263,"VAIL 7 N, AZ US",0.9252,GHCND:USC00028998,METERS,-110.7247
1417.3,1988-12-05,2022-04-27,31.7806,"EMPIRE ARIZONA, AZ US",0.9949,GHCND:USR0000AEMP,METERS,-110.6347
2511.6,1994-06-21,2022-04-27,32.2056,"RINCON ARIZONA, AZ US",0.9752,GHCND:USR0000ARIN,METERS,-110.5481
944.9,1995-06-29,2022-04-27,32.3167,"SAGUARO ARIZONA, AZ US",0.7968,GHCND:USR0000ASAG,METERS,-110.8133
1066.8,1992-03-23,2022-04-27,31.6908,"SASABE ARIZONA, AZ US",0.9951,GHCND:USR0000ASAS,METERS,-111.45
721.2,2002-03-27,2022-04-27,31.91,"SELLES ARIZONA, AZ US",0.9534,GHCND:USR0000ASES,METERS,-111.8975
2377.4,1999-04-05,2022-04-27,32.4033,"SOLLERS ARIZONA, AZ US",0.9071,GHCND:USR0000ASOL,METERS,-110.7117
777.6,1946-01-01,2022-04-28,32.13153,"TUCSON INTERNATIONAL AIRPORT, AZ US",0.9863,GHCND:USW00023160,METERS,-110.95638
833.0,2002-09-21,2022-04-27,32.2395,"TUCSON 11 W, AZ US",0.9951,GHCND:USW00053131,METERS,-111.1696
737.0,2007-11-15,2022-04-17,32.15,"RYAN FIELD AIRPORT, AZ US",0.51,WBAN:00121,METERS,-111.167
824.2,1941-07-17,2022-04-17,32.16667,"DAVIS MONTHAN AFB, AZ US",0.93,WBAN:23109,METERS,-110.88333
777.6,1946-06-01,2022-04-17,32.13153,"TUCSON INTERNATIONAL AIRPORT, AZ US",0.97,WBAN:23160,METERS,-110.95638
833.0,2002-09-18,2022-04-17,32.2395,"TUCSON 11 W, AZ US",1.0,WBAN:53131,METERS,-111.1696
535.5,2009-09-04,2022-03-30,33.362861,"APACHE JUNCTION 5.3 ESE, AZ US",0.9394,GHCND:US1AZPN0008,METERS,-111.46983
529.1,2009-09-28,2022-04-27,33.384251,"APACHE JUNCTION 3.5 ESE, AZ US",0.5859,GHCND:US1AZPN0017,METERS,-111.48793
582.2,2009-11-01,2022-04-27,33.4563,"APACHE JUNCTION 3.2 N, AZ US",0.9264,GHCND:US1AZPN0027,METERS,-111.5425
976.9,2009-07-01,2022-04-27,32.530375,"SADDLEBROOKE 1.5 ESE, AZ US",1.0,GHCND:US1AZPN0029,METERS,-110.859303
453.2,2010-01-20,2022-04-27,32.960318,"CASA GRANDE 6.5 NNW, AZ US",0.9942,GHCND:US1AZPN0033,METERS,-111.784072
524.0,2010-04-11,2022-04-26,33.391571,"APACHE JUNCTION 3.0 ESE, AZ US",0.9421,GHCND:US1AZPN0035,METERS,-111.492774
450.2,2010-01-01,2022-03-31,32.809,"CASA GRANDE 5.7 SE, AZ US",0.9904,GHCND:US1AZPN0037,METERS,-111.684
1375.3,1998-06-17,2022-04-27,32.6058449,"ORACLE 1.1 WSW, AZ US",0.9923,GHCND:US1AZPN0049,METERS,-110.7894298
982.4,2011-02-18,2022-04-27,32.5187,"SADDLEBROOKE 1.5 SW, AZ US",0.9653,GHCND:US1AZPN0050,METERS,-110.90229
709.6,2013-01-25,2022-04-26,32.545371,"MARANA 8.1 N, AZ US",0.47,GHCND:US1AZPN0053,METERS,-111.195128
444.4,2013-07-01,2022-03-29,32.9415168762207,"CASA GRANDE 6.6 NE, AZ US",0.0942,GHCND:US1AZPN0054,METERS,-111.674522399902
1017.7,2013-09-06,2022-04-27,32.537223,"SADDLEBROOKE 0.1 N, AZ US",1.0,GHCND:US1AZPN0058,METERS,-110.882846
431.9,2015-11-01,2022-04-02,32.8865,"CASA GRANDE 3.0 ENE, AZ US",0.4578,GHCND:US1AZPN0063,METERS,-111.7024
471.2,2016-01-03,2022-03-30,33.18947,"QUEEN CREEK 7.9 ESE, AZ US",0.0513,GHCND:US1AZPN0064,METERS,-111.507653
459.0,2016-02-07,2022-03-30,33.178844,"QUEEN CREEK 5.3 SE, AZ US",0.9434,GHCND:US1AZPN0065,METERS,-111.57425
432.2,2019-09-24,2022-04-27,33.006892,"COOLIDGE 2.6 N, AZ US",1.0,GHCND:US1AZPN0070,METERS,-111.507672
1004.3,2016-07-11,2022-04-27,32.52596,"SADDLEBROOKE 0.7 S, AZ US",0.8662,GHCND:US1AZPN0071,METERS,-110.886221
1378.0,2017-01-02,2022-03-30,33.341364,"MIAMI 8.3 WSW, AZ US",0.1228,GHCND:US1AZPN0072,METERS,-110.992384
448.1,2017-01-29,2022-03-30,33.260615,"QUEEN CREEK 3.9 ENE, AZ US",1.0,GHCND:US1AZPN0073,METERS,-111.567608
627.9,2018-10-01,2022-04-27,33.29818,"QUEEN VALLEY 0.2 E, AZ US",1.0,GHCND:US1AZPN0077,METERS,-111.2866
514.2,2019-09-30,2022-04-27,33.432928,"APACHE JUNCTION 2.7 NW, AZ US",1.0,GHCND:US1AZPN0081,METERS,-111.578452
455.4,2020-09-13,2022-04-24,33.065053,"FLORENCE 5.7 WNW, AZ US",0.8896,GHCND:US1AZPN0087,METERS,-111.468943
630.9,1987-05-01,2022-04-27,33.4625,"APACHE JUNCTION 5 NE, AZ US",0.9952,GHCND:USC00020288,METERS,-111.4813
492.3,1956-01-13,2022-02-28,33.09864,"ASHURST HAYDEN DAM, AZ US",0.9335,GHCND:USC00020498,METERS,-111.24702
426.7,1898-06-01,2022-04-27,32.8875,"CASA GRANDE, AZ US",0.8298,GHCND:USC00021306,METERS,-111.7147
432.5,1906-03-01,2022-04-26,32.9947,"CASA GRANDE NATIONAL MONUMENT, AZ US",0.8253,GHCND:USC00021314,METERS,-111.5367
1400.6,2010-02-01,2022-03-31,32.61,"ORACLE STATE PARK, AZ US",0.98,GHCND:USC00026117,METERS,-110.7317
603.8,1987-12-01,2022-04-27,32.6463,"PICACHO 8 SE, AZ US",0.9546,GHCND:USC00026513,METERS,-111.4017
455.7,2009-10-01,2022-04-27,32.81135,"ROBSON RANCH, AZ US",1.0,GHCND:USC00027187,METERS,-111.63135
1042.4,1954-06-01,2022-04-25,32.60135,"SAN MANUEL, AZ US",0.9791,GHCND:USC00027530,METERS,-110.62908
1231.4,1987-06-19,2022-04-27,32.9375,"HORSE CAMP CANYON ARIZONA, AZ US",0.9944,GHCND:USR0000AHOR,METERS,-110.4961
445.6,2005-01-01,2022-04-17,32.95,"CASA GRANDE MUNICIPAL AIRPORT, AZ US",1.0,WBAN:03914,METERS,-111.76667
1125.0,2010-07-02,2022-04-27,31.5883194,"TUBAC 2.9 SW, AZ US",1.0,GHCND:US1AZSC0010,METERS,-111.0876102
1511.2,2013-08-04,2022-04-27,31.55517,"SIERRA VISTA 10.1 W, AZ US",0.8217,GHCND:US1AZSC0012,METERS,-110.471399
1184.8,2014-04-01,2022-04-26,31.437,"RIO RICO 4.4 WSW, AZ US",1.0,GHCND:US1AZSC0013,METERS,-111.0396
1501.1,2019-03-12,2022-04-27,31.662609,"SONOITA 1.5 SSE, AZ US",0.9423,GHCND:US1AZSC0018,METERS,-110.639355
1495.0,2019-03-13,2022-04-27,31.670278,"SONOITA 1.0 SE, AZ US",0.7259,GHCND:US1AZSC0019,METERS,-110.64222
1287.8,2019-05-12,2022-04-27,31.5442,"PATAGONIA 1.8 ENE, AZ US",0.9063,GHCND:US1AZSC0020,METERS,-110.725
1105.8,2019-11-17,2022-04-23,31.447404,"RIO RICO 2.1 SW, AZ US",0.8898,GHCND:US1AZSC0021,METERS,-111.00205
1453.9,2020-07-24,2022-04-25,31.66677,"ELGIN 0.7 NW, AZ US",1.0,GHCND:US1AZSC0023,METERS,-110.534
1496.0,2020-11-13,2022-04-27,31.668535,"SONOITA 1.7 ESE, AZ US",0.8851,GHCND:US1AZSC0024,METERS,-110.630609
1054.9,1952-10-01,2022-04-26,31.4554,"NOGALES 6 N, AZ US",0.9767,GHCND:USC00025924,METERS,-110.968
1232.6,1978-01-01,2022-03-23,31.53923,"PATAGONIA PATON CENTER, AZ US",0.9625,GHCND:USC00026282,METERS,-110.76028
1492.0,2012-02-01,2022-04-27,31.681,"SONOITA, AZ US",0.8149,GHCND:USC00027990,METERS,-110.6554
995.8,1946-04-21,2022-02-28,31.5677,"TUMACACORI NM, AZ US",0.9706,GHCND:USC00028865,METERS,-111.0497
2170.2,2001-10-11,2022-04-27,31.6753,"HOPKINS ARIZONA, AZ US",0.9941,GHCND:USR0000AHPK,METERS,-110.88
1193.0,1999-07-27,2022-04-27,31.42076,"NOGALES INTERNATIONAL AIRPORT, AZ US",1.0,GHCND:USW00003196,METERS,-110.84655
1466.4,2002-09-15,2022-04-27,31.5907,"ELGIN 5 S, AZ US",1.0,GHCND:USW00053132,METERS,-110.5087
1193.0,2005-01-01,2022-04-17,31.42076,"NOGALES INTERNATIONAL AIRPORT, AZ US",1.0,WBAN:03196,METERS,-110.84655
1466.4,2002-09-15,2022-04-17,31.5907,"ELGIN 5 S, AZ US",1.0,WBAN:53132,METERS,-110.5087
1523.1,1998-05-20,2022-03-07,34.6016,"PRESCOTT VALLEY 1.1 ESE, AZ US",0.579,GHCND:US1AZYV0001,METERS,-112.3043
981.5,2009-09-19,2022-04-22,34.2825578,"MAYER 8.5 SSE, AZ US",1.0,GHCND:US1AZYV0005,METERS,-112.1991239
1569.7,2009-10-08,2022-04-26,35.165237,"ASH FORK 4.9 SW, AZ US",0.6213,GHCND:US1AZYV0007,METERS,-112.531507
1068.0,2009-11-07,2022-04-27,34.7231466,"COTTONWOOD 1.4 WSW, AZ US",1.0,GHCND:US1AZYV0018,METERS,-112.0237581
1704.7,2010-08-17,2022-01-01,34.576415,"PRESCOTT 3.9 NW, AZ US",0.4117,GHCND:US1AZYV0028,METERS,-112.513209
1122.6,2010-11-01,2022-04-27,34.797274,"SEDONA 9.0 WSW, AZ US",1.0,GHCND:US1AZYV0030,METERS,-111.900034
1348.1,2011-05-28,2022-04-26,34.8559,"PAULDEN 2.3 SSE, AZ US",0.9554,GHCND:US1AZYV0034,METERS,-112.45172
1599.0,2011-10-20,2022-04-27,34.6062,"PRESCOTT 4.6 N, AZ US",0.9522,GHCND:US1AZYV0042,METERS,-112.4623
1513.0,2012-09-11,2022-03-30,34.6574278,"PRESCOTT VALLEY 3.7 NNW, AZ US",0.1692,GHCND:US1AZYV0043,METERS,-112.341052
1731.0,2013-08-22,2022-04-03,34.5287895202637,"PRESCOTT 0.8 S, AZ US",0.9412,GHCND:US1AZYV0049,METERS,-112.461120605469
1466.4,2014-09-14,2022-04-27,34.43488611,"PRESCOTT 11.1 SW, AZ US",1.0,GHCND:US1AZYV0052,METERS,-112.607875
1012.2,2014-04-25,2022-04-25,34.70633,"CORNVILLE 0.8 SSE, AZ US",1.0,GHCND:US1AZYV0055,METERS,-111.91855
1503.3,2015-10-17,2022-04-27,34.7741,"CHINO VALLEY 4.7 WNW, AZ US",0.9405,GHCND:US1AZYV0061,METERS,-112.5278
1492.9,2016-01-16,2022-04-27,34.66479,"PRESCOTT VALLEY 4.0 NNW, AZ US",0.9547,GHCND:US1AZYV0063,METERS,-112.330861
1678.2,2016-01-24,2022-04-27,34.58114,"PRESCOTT 3.8 NW, AZ US",0.8364,GHCND:US1AZYV0067,METERS,-112.50303
1637.1,2016-01-31,2022-04-26,34.53401,"PRESCOTT 0.8 WSW, AZ US",0.9763,GHCND:US1AZYV0068,METERS,-112.47139
1622.8,2016-03-12,2022-03-30,34.5717811584473,"PRESCOTT 5.4 ENE, AZ US",0.2009,GHCND:US1AZYV0070,METERS,-112.374038696289
1635.9,2016-03-21,2022-02-23,34.5925369262695,"PRESCOTT 3.7 NNW, AZ US",0.0896,GHCND:US1AZYV0073,METERS,-112.474601745605
1730.7,2016-03-21,2022-04-26,34.5180511474609,"PRESCOTT 2.9 WSW, AZ US",0.8344,GHCND:US1AZYV0076,METERS,-112.502647399902
1557.8,2016-04-08,2022-04-17,34.6043167114258,"PRESCOTT VALLEY 2.4 W, AZ US",0.7392,GHCND:US1AZYV0081,METERS,-112.35230255127
1677.6,2016-03-22,2022-04-27,34.5488,"PRESCOTT 2.0 WNW, AZ US",0.6917,GHCND:US1AZYV0083,METERS,-112.4929
1662.1,2016-03-31,2022-04-27,34.5819854736328,"PRESCOTT 3.9 NW, AZ US",0.6584,GHCND:US1AZYV0084,METERS,-112.516052246094
1840.7,2016-04-04,2022-03-30,34.509436,"PRESCOTT 3.6 SW, AZ US",0.3877,GHCND:US1AZYV0085,METERS,-112.510549
1390.8,1998-06-17,2022-04-27,34.5140151977539,"DEWEY HUMBOLDT 1.4 SE, AZ US",1.0,GHCND:US1AZYV0087,METERS,-112.224105834961
1832.2,2016-03-31,2022-04-26,34.534057,"PRESCOTT 2.6 E, AZ US",0.9482,GHCND:US1AZYV0091,METERS,-112.415512
1590.1,2016-04-07,2022-03-30,34.654617,"PRESCOTT 8.5 NNW, AZ US",0.8581,GHCND:US1AZYV0092,METERS,-112.512182
1430.1,2016-04-07,2022-03-30,34.774811,"CHINO VALLEY 2.6 NW, AZ US",0.1731,GHCND:US1AZYV0094,METERS,-112.484754
1563.3,2016-04-01,2022-04-27,34.678608,"PRESCOTT 10.4 NNW, AZ US",0.8764,GHCND:US1AZYV0096,METERS,-112.531267
1770.3,2016-03-23,2022-04-27,34.524528,"PRESCOTT 3.2 WSW, AZ US",0.9863,GHCND:US1AZYV0098,METERS,-112.512326
1075.3,2016-04-01,2022-04-27,34.699847,"COTTONWOOD 2.2 SSW, AZ US",0.9196,GHCND:US1AZYV0100,METERS,-112.012059
1641.3,1998-06-17,2022-04-25,34.581572,"PRESCOTT 3.1 NNE, AZ US",0.379,GHCND:US1AZYV0108,METERS,-112.441829
1978.5,2016-04-01,2022-03-29,34.5555534362793,"PRESCOTT 6.4 W, AZ US",0.9013,GHCND:US1AZYV0113,METERS,-112.570808410645
1538.6,2016-04-08,2022-04-23,34.612431,"PRESCOTT VALLEY 1.0 W, AZ US",0.2121,GHCND:US1AZYV0115,METERS,-112.327855
1450.2,2016-04-08,2022-04-23,34.7359183393405,"PRESCOTT 17.1 NW, AZ US",0.1853,GHCND:US1AZYV0119,METERS,-112.644741092809
1659.3,2016-07-21,2022-04-27,34.5962562561035,"PRESCOTT 4.6 NNW, AZ US",0.1722,GHCND:US1AZYV0124,METERS,-112.50244140625
1565.5,2016-04-21,2022-04-26,34.6261100769043,"PRESCOTT 6.0 N, AZ US",0.9108,GHCND:US1AZYV0125,METERS,-112.44352722168
1698.0,2016-04-28,2022-04-04,34.5520477294922,"PRESCOTT 2.3 WNW, AZ US",0.8658,GHCND:US1AZYV0129,METERS,-112.497970581055
1661.2,2019-08-01,2022-04-17,34.5827293395996,"PRESCOTT 4.4 NW, AZ US",0.5554,GHCND:US1AZYV0133,METERS,-112.51643371582
989.4,2016-09-14,2022-04-27,34.7112236022949,"COTTONWOOD 1.8 SE, AZ US",0.9605,GHCND:US1AZYV0135,METERS,-111.976974487305
952.5,2016-09-01,2022-04-09,34.5997,"CAMP VERDE 3.2 NNW, AZ US",1.0,GHCND:US1AZYV0136,METERS,-111.8778
1649.6,2016-11-28,2022-04-24,34.591222,"PRESCOTT 4.3 NW, AZ US",0.6494,GHCND:US1AZYV0138,METERS,-112.502483
1026.9,2017-10-15,2022-04-11,34.728393,"COTTONWOOD 1.5 E, AZ US",0.5012,GHCND:US1AZYV0141,METERS,-111.974239
1136.3,2019-01-15,2022-03-08,34.31544,"CORDES LAKES 1.0 WNW, AZ US",0.9749,GHCND:US1AZYV0147,METERS,-112.11786
1529.8,2019-03-16,2022-04-26,34.634398,"PRESCOTT VALLEY 2.4 NW, AZ US",0.9297,GHCND:US1AZYV0152,METERS,-112.339343
1585.0,2019-04-01,2022-04-24,34.58877,"PRESCOTT VALLEY 2.8 WSW, AZ US",0.983,GHCND:US1AZYV0153,METERS,-112.35289
1417.6,2019-03-01,2022-04-25,34.4958,"DEWEY HUMBOLDT 2.6 SSE, AZ US",0.8316,GHCND:US1AZYV0159,METERS,-112.22016
1674.0,2019-04-29,2022-03-30,34.57442,"PRESCOTT 2.4 N, AZ US",0.9994,GHCND:US1AZYV0162,METERS,-112.4662
1678.8,2019-05-11,2022-03-30,34.570274,"PRESCOTT 2.5 NNW, AZ US",0.9867,GHCND:US1AZYV0166,METERS,-112.482585
1639.8,2019-03-28,2022-03-30,34.58221,"PRESCOTT 3.1 NNE, AZ US",0.9745,GHCND:US1AZYV0169,METERS,-112.44239
1623.1,2019-05-07,2022-03-30,34.62035,"PRESCOTT 5.7 NNW, AZ US",0.1558,GHCND:US1AZYV0174,METERS,-112.48312
1648.4,2019-06-04,2022-03-30,34.63774,"PRESCOTT 7.4 NNW, AZ US",0.1552,GHCND:US1AZYV0175,METERS,-112.51281
1728.5,2019-04-13,2022-03-30,34.54377,"PRESCOTT 1.5 E, AZ US",0.1404,GHCND:US1AZYV0177,METERS,-112.43378
1667.0,2019-04-15,2022-04-26,34.576643,"PRESCOTT 2.5 N, AZ US",0.6643,GHCND:US1AZYV0179,METERS,-112.461864
1731.0,2019-04-01,2022-04-27,34.579272,"PRESCOTT 3.7 NW, AZ US",0.8638,GHCND:US1AZYV0180,METERS,-112.503749
1615.1,2018-09-10,2022-04-25,34.6342,"PRESCOTT 6.9 NNW, AZ US",0.972,GHCND:US1AZYV0181,METERS,-112.5026
2582.9,2019-04-21,2022-04-27,34.664217,"PRESCOTT 8.9 NNW, AZ US",0.8858,GHCND:US1AZYV0184,METERS,-112.500994
1200.9,2019-07-31,2022-04-27,34.34465,"MAYER 5.7 SE, AZ US",1.0,GHCND:US1AZYV0186,METERS,-112.15838
1518.2,2019-11-06,2022-04-27,34.633458,"PRESCOTT 9.7 NE, AZ US",0.3429,GHCND:US1AZYV0187,METERS,-112.333722
1685.5,2020-02-23,2022-03-01,34.565453,"PRESCOTT 1.8 NNE, AZ US",0.9512,GHCND:US1AZYV0191,METERS,-112.450648
1973.0,2020-04-22,2022-04-25,34.5529,"PRESCOTT 6.4 W, AZ US",0.5736,GHCND:US1AZYV0192,METERS,-112.5722
1813.9,2019-09-14,2022-03-29,34.5339,"PRESCOTT 2.5 E, AZ US",0.3028,GHCND:US1AZYV0193,METERS,-112.41624
1587.4,2020-08-21,2022-03-30,34.66,"PRESCOTT 8.7 NNW, AZ US",0.494,GHCND:US1AZYV0195,METERS,-112.5058333
745.5,2020-11-29,2022-03-29,34.037686,"WICKENBURG 7.3 NW, AZ US",0.4198,GHCND:US1AZYV0198,METERS,-112.805557
1199.4,1925-05-01,2022-04-27,34.5975,"BAGDAD, AZ US",0.8966,GHCND:USC00020586,METERS,-113.1745
1149.4,1925-12-01,2022-01-31,34.305,"CORDES, AZ US",0.9904,GHCND:USC00022109,METERS,-112.165
1508.8,1897-09-01,2022-04-27,34.7538,"JEROME, AZ US",0.9622,GHCND:USC00024453,METERS,-112.11152
969.3,1938-10-12,2022-03-31,34.6106,"MONTEZUMA CASTLE NATIONAL MONUMENT, AZ US",0.9826,GHCND:USC00025635,METERS,-111.8382
1586.5,1898-05-01,2022-04-27,34.5706,"PRESCOTT, AZ US",0.9815,GHCND:USC00026796,METERS,-112.4322
1600.2,1904-12-01,2022-04-27,35.3322,"SELIGMAN, AZ US",0.9371,GHCND:USC00027716,METERS,-112.8797
1057.7,1977-07-01,2022-03-31,34.7705,"TUZIGOOT, AZ US",0.9871,GHCND:USC00028904,METERS,-112.0263
1551.4,1915-12-01,2022-03-31,34.9281,"WALNUT CREEK, AZ US",0.9773,GHCND:USC00029158,METERS,-112.8097
1147.3,1893-01-01,2022-03-31,34.3117,"WALNUT GROVE, AZ US",0.9485,GHCND:USC00029166,METERS,-112.5619
1554.5,1998-02-13,2022-04-27,34.5964,"CHERRY ARIZONA, AZ US",0.9903,GHCND:USR0000ACHE,METERS,-112.0481
1798.3,1995-02-13,2022-04-27,34.2083,"CROWN KING ARIZONA, AZ US",0.9912,GHCND:USR0000ACRO,METERS,-112.3333
1280.2,1985-01-09,2022-04-27,34.75,"GOODWIN MESA ARIZONA, AZ US",0.9898,GHCND:USR0000AGOO,METERS,-113.3
1600.2,1985-07-01,2022-04-26,34.1164,"HUMBUG CREEK ARIZONA, AZ US",0.9949,GHCND:USR0000AHUM,METERS,-112.3006
1804.4,1986-01-17,2022-04-27,34.5853,"IRON SPRINGS ARIZONA, AZ US",0.8312,GHCND:USR0000AIRO,METERS,-112.5019
1097.3,1985-01-23,2022-04-27,34.1667,"STANTON ARIZONA, AZ US",0.9954,GHCND:USR0000ASTA,METERS,-112.7333
902.2,1994-05-23,2022-04-27,34.1953,"SUNSET POINT ARIZONA, AZ US",0.9976,GHCND:USR0000ASUN,METERS,-112.1417
944.9,1993-11-08,2022-04-27,34.5539,"VERDE ARIZONA, AZ US",0.9974,GHCND:USR0000AVER,METERS,-111.8492
1527.8,1948-01-01,2022-04-27,34.64915,"PRESCOTT LOVE FIELD, AZ US",0.9989,GHCND:USW00023184,METERS,-112.42234
1471.3,2009-03-02,2022-04-17,34.85,"SEDONA AIRPORT, AZ US",1.0,WBAN:00375,METERS,-111.783
1527.8,1948-01-01,2022-04-17,34.64915,"PRESCOTT LOVE FIELD, AZ US",1.0,WBAN:23184,METERS,-112.42234
121.3,2009-11-01,2022-03-06,32.63412,"YUMA 13.8 ESE, AZ US",0.9745,GHCND:US1AZYM0001,METERS,-114.405648
64.0,2013-08-15,2022-03-29,32.643211,"YUMA 7.7 SE, AZ US",0.9906,GHCND:US1AZYM0007,METERS,-114.523034
123.4,2016-08-22,2022-03-29,32.64108,"YUMA 15.0 ESE, AZ US",0.0616,GHCND:US1AZYM0010,METERS,-114.3795
98.8,1969-02-01,2022-04-27,32.7225,"TACNA 3 NE, AZ US",0.9938,GHCND:USC00028396,METERS,-113.9191
48.8,1993-01-01,2022-02-28,32.72793,"YUMA QUARTERMASTER DEPOT, AZ US",0.8186,GHCND:USC00029656,METERS,-114.62217
98.8,1955-01-01,2022-04-26,32.8356,"YUMA PROVING GROUND, AZ US",0.9753,GHCND:USW00003125,METERS,-114.3942
64.9,1982-01-01,2022-04-27,32.65,"YUMA MCAS, AZ US",0.9255,GHCND:USW00003145,METERS,-114.61667
189.0,2008-03-20,2022-04-27,32.835,"YUMA 27 ENE, AZ US",1.0,GHCND:USW00053154,METERS,-114.1884
64.9,1977-01-27,2022-04-17,32.65,"YUMA MCAS, AZ US",1.0,WBAN:03145,METERS,-114.61667
189.0,2008-03-19,2022-04-17,32.835,"YUMA 27 ENE, AZ US",1.0,WBAN:53154,METERS,-114.1884
